Group	Year	Month	Day	Time	End Year	End Month	End Day	End Time	Display Date	Evaluation	Title	InCharge	Checker	Checked	林コメント/修正案	URL	Image URL	Image Credit	Type	Color
世の中	2000	7			2000	９				0	三宅島雄山噴火	中山							0	
世の中	2000	7	19							0	2000円札発行	中山	高橋			https://ja.wikipedia.org/wiki/%E4%BA%8C%E5%8D%83%E5%86%86%E7%B4%99%E5%B9%A3#:~:text=%E7%AC%AC26%E5%9B%9E%E4%B8%BB%E8%A6%81%E5%9B%BD%E9%A6%96%E8%84%B3%E4%BC%9A%E8%AD%B0%EF%BC%88%E6%B2%96%E7%B8%84%E3%82%B5%E3%83%9F%E3%83%83%E3%83%88%EF%BC%89%E3%81%A8,%E5%85%83%E3%81%A7%E7%99%BA%E8%A1%8C%E3%81%95%E3%82%8C%E3%81%9F%E3%80%82			0	
世の中	2000	9	15		2000	10	29			1	シドニーオリンピック・パラリンピック開催	中山	高橋	1	高橋	https://ja.wikipedia.org/wiki/2000%E5%B9%B4%E3%82%B7%E3%83%89%E3%83%8B%E3%83%BC%E3%82%AA%E3%83%AA%E3%83%B3%E3%83%94%E3%83%83%E3%82%AF			1	
世の中	2000	12	1							1	BSデジタル放送開始	中山	高橋	1	高橋	https://ja.wikipedia.org/wiki/%E6%97%A5%E6%9C%AC%E3%81%AB%E3%81%8A%E3%81%91%E3%82%8B%E8%A1%9B%E6%98%9F%E6%94%BE%E9%80%81#BS%E3%83%87%E3%82%B8%E3%82%BF%E3%83%AB%E6%94%BE%E9%80%81			1	
IT	2000	12	1							1	「IT革命」新語・流行語大賞	中山	高橋	1		https://ja.wikipedia.org/wiki/%E6%96%B0%E8%AA%9E%E3%83%BB%E6%B5%81%E8%A1%8C%E8%AA%9E%E5%A4%A7%E8%B3%9E			1	
世の中	2000	12	30							0	世田谷一家殺害事件	中山			高橋	https://ja.wikipedia.org/wiki/%E4%B8%96%E7%94%B0%E8%B0%B7%E4%B8%80%E5%AE%B6%E6%AE%BA%E5%AE%B3%E4%BA%8B%E4%BB%B6			0	
世の中	2000	1	1							1	2000年問題 政府が安全宣言	丸山	高橋	1	高橋	https://wired.jp/1999/07/27/%E7%B1%B3%E6%94%BF%E5%BA%9C%E3%81%AE%E5%AE%89%E5%85%A8%E5%AE%A3%E8%A8%80%E3%82%822000%E5%B9%B4%E3%81%B8%E3%81%AE%E4%B8%8D%E5%AE%89%E3%82%92%E9%99%A4%E3%81%91%E3%81%9A/			1	
世の中	2000	5	7							1	ロシアの大統領にプーチン氏が就任	丸山	高橋	1	高橋	https://ja.wikipedia.org/wiki/%E3%82%A6%E3%83%A9%E3%82%B8%E3%83%BC%E3%83%9F%E3%83%AB%E3%83%BB%E3%83%97%E3%83%BC%E3%83%81%E3%83%B3#%E5%A4%A7%E7%B5%B1%E9%A0%98%E8%81%B7			1	
世の中	2000	6	28							1	雪印 牛乳の集団食中毒事件発生	丸山	高橋	1	高橋	https://ja.wikipedia.org/wiki/%E9%9B%AA%E5%8D%B0%E9%9B%86%E5%9B%A3%E9%A3%9F%E4%B8%AD%E6%AF%92%E4%BA%8B%E4%BB%B6			1	
世の中	2001	3	31							0	ユニバーサルスタジオジャパン（USJ）開業	中山			高橋	https://ja.wikipedia.org/wiki/%E3%83%A6%E3%83%8B%E3%83%90%E3%83%BC%E3%82%B5%E3%83%AB%E3%83%BB%E3%82%B9%E3%82%BF%E3%82%B8%E3%82%AA%E3%83%BB%E3%82%B8%E3%83%A3%E3%83%91%E3%83%B3			0	
世の中	2001	9	1							0	歌舞伎町ビル火災	中山			高橋	https://ja.wikipedia.org/wiki/%E6%AD%8C%E8%88%9E%E4%BC%8E%E7%94%BA%E3%83%93%E3%83%AB%E7%81%AB%E7%81%BD			0	
世の中	2001	9	11							1	米同時多発テロ発生	中山	高橋	1	高橋	https://ja.wikipedia.org/wiki/%E3%82%A2%E3%83%A1%E3%83%AA%E3%82%AB%E5%90%8C%E6%99%82%E5%A4%9A%E7%99%BA%E3%83%86%E3%83%AD%E4%BA%8B%E4%BB%B6			1	
世の中	2001	10	7							1	アフガニスタン紛争	唐沢	高橋	1	高橋	https://ja.wikipedia.org/wiki/%E3%82%A2%E3%83%95%E3%82%AC%E3%83%8B%E3%82%B9%E3%82%BF%E3%83%B3%E7%B4%9B%E4%BA%89_(2001%E5%B9%B4-2021%E5%B9%B4)			1	
世の中	2001	11	30							1	国内高速道路ETC一般利用開始	中山	高橋	1	高橋	https://ja.wikipedia.org/wiki/ETC			1	
世の中	2001	12								0	ほぼ全ての公立小・中・高等学校等がインターネット接続	中山			高橋	https://www.mext.go.jp/a_menu/shotou/zyouhou/020706j.pdf			0	
世の中	2002	2	8		2002	3	16			1	ソルトレークシティ冬季オリンピック・パラリンピック開催	中山	高橋	1	高橋	https://ja.wikipedia.org/wiki/2002%E5%B9%B4%E3%82%BD%E3%83%AB%E3%83%88%E3%83%AC%E3%83%BC%E3%82%AF%E3%82%B7%E3%83%86%E3%82%A3%E3%82%AA%E3%83%AA%E3%83%B3%E3%83%94%E3%83%83%E3%82%AF			1	
世の中	2002	4								1	（平成14年度より）公立の完全学校週五日制実施	中山	高橋	1	高橋	https://ja.wikipedia.org/wiki/%E5%AD%A6%E6%A0%A1%E9%80%B15%E6%97%A5%E5%88%B6#cite_note-ituka-8	https://www.mext.go.jp/a_menu/shougai/week/index_b.htm		1	
世の中	2002	4								1	（同）高等学校教科「情報」新設、必修	中山	高橋	1	高橋	https://ja.wikipedia.org/wiki/%E6%83%85%E5%A0%B1_(%E6%95%99%E7%A7%91)			1	
世の中	2002	5	28							0	日本経団連発足	中山			高橋	https://ja.wikipedia.org/wiki/%E6%97%A5%E6%9C%AC%E7%B5%8C%E6%B8%88%E5%9B%A3%E4%BD%93%E9%80%A3%E5%90%88%E4%BC%9A			0	
世の中	2002	5	31		2002	6	30			0	サッカーW杯日韓共同開催	中山			高橋	https://ja.wikipedia.org/wiki/2002_FIFA%E3%83%AF%E3%83%BC%E3%83%AB%E3%83%89%E3%82%AB%E3%83%83%E3%83%97			0	
世の中	2002	10	15							1	北朝鮮拉致被害者24年ぶり帰国	中山	高橋	1	高橋	https://ja.wikipedia.org/wiki/%E5%8C%97%E6%9C%9D%E9%AE%AE%E3%81%AB%E3%82%88%E3%82%8B%E6%97%A5%E6%9C%AC%E4%BA%BA%E6%8B%89%E8%87%B4%E5%95%8F%E9%A1%8C			1	
世の中	2003	4	1							1	日本郵政公社誕生	持田	高橋	1	高橋	https://ja.wikipedia.org/wiki/%E6%97%A5%E6%9C%AC%E9%83%B5%E6%94%BF%E5%85%AC%E7%A4%BE			1	
世の中	2003									1	ITバブル崩壊日経平均株価がバブル崩壊後の最安値7,603.76円を記録	永野	高橋	?	自信無し	https://ja.wikipedia.org/wiki/%E3%82%A4%E3%83%B3%E3%82%BF%E3%83%BC%E3%83%8D%E3%83%83%E3%83%88%E3%83%BB%E3%83%90%E3%83%96%E3%83%AB			1	
世の中	2003									1	SARSがアジアを中心に世界的に大流行	永野	高橋	1	高橋	https://ja.wikipedia.org/wiki/%E9%87%8D%E7%97%87%E6%80%A5%E6%80%A7%E5%91%BC%E5%90%B8%E5%99%A8%E7%97%87%E5%80%99%E7%BE%A4			1	
世の中	2003	4	9							1	イラク戦争開戦。サダム・フセイン政権崩壊。	永野	高橋	1	高橋	https://ja.wikipedia.org/wiki/%E3%82%B5%E3%83%83%E3%83%80%E3%83%BC%E3%83%A0%E3%83%BB%E3%83%95%E3%82%BB%E3%82%A4%E3%83%B3			1	
世の中	2004	8	13							1	アテネ五輪	持田	高橋	1	高橋	https://ja.wikipedia.org/wiki/2004%E5%B9%B4%E3%82%A2%E3%83%86%E3%83%8D%E3%82%AA%E3%83%AA%E3%83%B3%E3%83%94%E3%83%83%E3%82%AF			1	
世の中	2004	10	23							1	新潟中越地震（震度７）、柏崎原発が停止		高橋	1	高橋	https://ja.wikipedia.org/wiki/%E6%96%B0%E6%BD%9F%E7%9C%8C%E4%B8%AD%E8%B6%8A%E5%9C%B0%E9%9C%87			1	
世の中	2005	10	1							0	三菱UFJフィナンシャル・グループ誕生	持田			高橋	https://ja.wikipedia.org/wiki/%E4%B8%89%E8%8F%B1UFJ%E3%83%95%E3%82%A3%E3%83%8A%E3%83%B3%E3%82%B7%E3%83%A3%E3%83%AB%E3%83%BB%E3%82%B0%E3%83%AB%E3%83%BC%E3%83%97			0	
世の中	2005	11	20							1	探査機はやぶさ、小惑星イトカワへ着陸	持田	高橋	1	高橋	https://ja.wikipedia.org/wiki/%E3%81%AF%E3%82%84%E3%81%B6%E3%81%95_(%E6%8E%A2%E6%9F%BB%E6%A9%9F)			1	
世の中	2006	1	23							1	ライブドア事件で逮捕者	西尾	高橋	1	高橋	https://ja.wikipedia.org/wiki/%E3%83%A9%E3%82%A4%E3%83%96%E3%83%89%E3%82%A2%E4%BA%8B%E4%BB%B6			1	
世の中	2006	2	20		2006	2	26			0	トリノオリンピック	高橋			高橋	https://ja.wikipedia.org/wiki/2006%E5%B9%B4%E3%83%88%E3%83%AA%E3%83%8E%E3%82%AA%E3%83%AA%E3%83%B3%E3%83%94%E3%83%83%E3%82%AF			0	
世の中	2006	2	23							0	トリノオリンピックで荒川静香が金メダル	西尾			高橋	https://ja.wikipedia.org/wiki/%E8%8D%92%E5%B7%9D%E9%9D%99%E9%A6%99			0	
世の中	2006	6	28							0	イスラエルによるガザ侵攻	西尾			高橋	https://ja.wikipedia.org/wiki/%E3%82%AC%E3%82%B6%E4%BE%B5%E6%94%BB_(2006%E5%B9%B4)			0	
世の中	2007	2	16							1	年金記録問題発覚(誤りや不備が多いこと等が明らかになった事件)	西尾	高橋	1	高橋	https://ja.wikipedia.org/wiki/%E5%B9%B4%E9%87%91%E8%A8%98%E9%8C%B2%E5%95%8F%E9%A1%8C			1	
世の中	2007	6	20							0	食品偽装問題発覚（ミートホープ）	西尾			高橋	https://ja.wikipedia.org/wiki/%E3%83%9F%E3%83%BC%E3%83%88%E3%83%9B%E3%83%BC%E3%83%97			0	
世の中	2007	10	2							0	第２回南北首脳会談開催	西尾			高橋	https://ja.wikipedia.org/wiki/%E5%8D%97%E5%8C%97%E9%A6%96%E8%84%B3%E4%BC%9A%E8%AB%87#%E7%AC%AC2%E5%9B%9E%E5%8D%97%E5%8C%97%E9%A6%96%E8%84%B3%E4%BC%9A%E8%AB%87%EF%BC%882007%E5%B9%B410%E6%9C%88%EF%BC%89			0	
世の中	2008	6	8							1	秋葉原無差別殺傷事件	西尾	高橋	1	高橋	https://ja.wikipedia.org/wiki/%E7%A7%8B%E8%91%89%E5%8E%9F%E9%80%9A%E3%82%8A%E9%AD%94%E4%BA%8B%E4%BB%B6			1	
世の中	2008	8	8							1	北京オリンピック開催	西尾	高橋	1	高橋	https://ja.wikipedia.org/wiki/2008%E5%B9%B4%E5%8C%97%E4%BA%AC%E3%82%AA%E3%83%AA%E3%83%B3%E3%83%94%E3%83%83%E3%82%AF			1	
世の中	2008	9	15							1	リーマンショック	西尾	高橋	1	高橋	https://ja.wikipedia.org/wiki/%E3%83%AA%E3%83%BC%E3%83%9E%E3%83%B3%E3%83%BB%E3%82%B7%E3%83%A7%E3%83%83%E3%82%AF			1	
世の中	2010	12	25							0	プロレス漫画「タイガーマスク」の主人公伊達直人などを名乗る人物からの匿名の寄贈（いわゆるタイガーマスク運動）は12日も続き、読売新聞の調べで47都道府県全てに広がった	小屋			高橋	https://ja.wikipedia.org/wiki/%E3%82%BF%E3%82%A4%E3%82%AC%E3%83%BC%E3%83%9E%E3%82%B9%E3%82%AF%E9%81%8B%E5%8B%95			0	
世の中	2011	2	26							0	ニンテンドー3DS発売	小屋				https://ja.wikipedia.org/wiki/%E3%83%8B%E3%83%B3%E3%83%86%E3%83%B3%E3%83%89%E3%83%BC3DS			0	
世の中	2009	8	30							1	第45回衆院選 民主大勝 政権交代	丸山	高橋	1		https://ja.wikipedia.org/wiki/%E7%AC%AC45%E5%9B%9E%E8%A1%86%E8%AD%B0%E9%99%A2%E8%AD%B0%E5%93%A1%E7%B7%8F%E9%81%B8%E6%8C%99			1	
世の中	2009	9	9							0	ＰＭ2.5で環境基準決定	丸山				https://ja.wikipedia.org/wiki/%E7%B2%92%E5%AD%90%E7%8A%B6%E7%89%A9%E8%B3%AA			0	
世の中	2009	11	10							1	政府の行政刷新会議｢事業仕分け｣スタート	丸山	高橋	1		https://ja.wikipedia.org/wiki/%E4%BA%8B%E6%A5%AD%E4%BB%95%E5%88%86%E3%81%91_(%E8%A1%8C%E6%94%BF%E5%88%B7%E6%96%B0%E4%BC%9A%E8%AD%B0)			1	
政府機関	2000	2	13							1	「不正アクセス禁止法」施行	中山	高橋	1		https://ja.wikipedia.org/wiki/%E4%B8%8D%E6%AD%A3%E3%82%A2%E3%82%AF%E3%82%BB%E3%82%B9%E8%A1%8C%E7%82%BA%E3%81%AE%E7%A6%81%E6%AD%A2%E7%AD%89%E3%81%AB%E9%96%A2%E3%81%99%E3%82%8B%E6%B3%95%E5%BE%8B				
世の中	2010	1	19							1	日本航空 会社更正法適用申請	丸山	高橋	1		https://ja.wikipedia.org/wiki/%E6%97%A5%E6%9C%AC%E8%88%AA%E7%A9%BA			1	
世の中	2010	2	11							0	EUが財政危機のギリシャへの金融支援へ	丸山				https://ja.wikipedia.org/wiki/2010%E5%B9%B4%E6%AC%A7%E5%B7%9E%E3%82%BD%E3%83%96%E3%83%AA%E3%83%B3%E5%8D%B1%E6%A9%9F			0	
世の中	2010	4	1							0	高校の授業料実質無料化	丸山				https://ja.wikipedia.org/wiki/%E9%AB%98%E6%A0%A1%E6%8E%88%E6%A5%AD%E6%96%99%E7%84%A1%E5%84%9F%E5%8C%96%E3%83%BB%E5%B0%B1%E5%AD%A6%E6%94%AF%E6%8F%B4%E9%87%91%E6%94%AF%E7%B5%A6%E5%88%B6%E5%BA%A6			0	
世の中	2010	9	10							1	厚生労働省の元局長 村木厚子氏に無罪判決	丸山	高橋	1		https://ja.wikipedia.org/wiki/%E6%9D%91%E6%9C%A8%E5%8E%9A%E5%AD%90#%E7%84%A1%E7%BD%AA%E5%88%A4%E6%B1%BA			1	
世の中	2010	9	7							1	尖閣諸島　漁船衝突	丸山	高橋	1		https://ja.wikipedia.org/wiki/%E5%B0%96%E9%96%A3%E8%AB%B8%E5%B3%B6%E4%B8%AD%E5%9B%BD%E6%BC%81%E8%88%B9%E8%A1%9D%E7%AA%81%E4%BA%8B%E4%BB%B6			1	
世の中	2011	3	11							1	東日本大震災発災	小屋	高橋	1		https://ja.wikipedia.org/wiki/%E6%9D%B1%E6%97%A5%E6%9C%AC%E5%A4%A7%E9%9C%87%E7%81%BD%E3%81%AB%E3%82%88%E3%82%8B%E9%9B%BB%E5%8A%9B%E5%8D%B1%E6%A9%9F#2011%E5%B9%B43%E6%9C%88%E3%81%AE%E8%A8%88%E7%94%BB%E5%81%9C%E9%9B%BBB			1	
世の中	2011	3	14							0	震災に伴う電力不足による計画停電実施	西尾				https://ja.wikipedia.org/wiki/%E6%9D%B1%E6%97%A5%E6%9C%AC%E5%A4%A7%E9%9C%87%E7%81%BD%E3%81%AB%E3%82%88%E3%82%8B%E9%9B%BB%E5%8A%9B%E5%8D%B1%E6%A9%9F#2011%E5%B9%B43%E6%9C%88%E3%81%AE%E8%A8%88%E7%94%BB%E5%81%9C%E9%9B%BB			0	
世の中	2011	5	12							0	東京都立川市で立川6億円強奪事件が発生					https://ja.wikipedia.org/wiki/%E7%AB%8B%E5%B7%9D6%E5%84%84%E5%86%86%E5%BC%B7%E5%A5%AA%E4%BA%8B%E4%BB%B6			0	
世の中	2011	7	17							0	なでしこジャパン、ワールドカップで優勝	西尾				https://ja.wikipedia.org/wiki/2011_FIFA%E5%A5%B3%E5%AD%90%E3%83%AF%E3%83%BC%E3%83%AB%E3%83%89%E3%82%AB%E3%83%83%E3%83%97			0	
IT	2000	2	18							1	Windows2000発売	中山	高橋	1		https://ja.wikipedia.org/wiki/Microsoft_Windows_2000				
世の中	2012	5	22							1	東京スカイツリー開業	西尾	高橋	1		https://ja.wikipedia.org/wiki/%E6%9D%B1%E4%BA%AC%E3%82%B9%E3%82%AB%E3%82%A4%E3%83%84%E3%83%AA%E3%83%BC			1	
世の中	2012	7	27							1	ロンドンオリンピック開幕	西尾	高橋	1		https://ja.wikipedia.org/wiki/2012%E5%B9%B4%E3%83%AD%E3%83%B3%E3%83%89%E3%83%B3%E3%82%AA%E3%83%AA%E3%83%B3%E3%83%94%E3%83%83%E3%82%AF			1	
IT	2000	7								1	NTT東西、ISDN定額通信サービス開始	中山	高橋	?	高橋：裏取れず　情報通信白書に記載がありました（小屋）https://www.soumu.go.jp/johotsusintokei/whitepaper/ja/h13/html/D1114000.htm	https://ja.wikipedia.org/wiki/INS%E3%83%8D%E3%83%83%E3%83%88				
IT	2000	7	18							0	INET 2000開催	中山				https://web.archive.org/web/20160102204002/http://www.isoc.org/inet2000/				
IT	2000	9	12							1	Google日本語検索サービス開始	中山	高橋	1		https://atmarkit.itmedia.co.jp/news/200009/15/google.html				
IT	2000	9	18							1	国内初IPv6ネイティブ接続サービス開始(NTTコミュニケーションズ）	中山	高橋	1		https://www.bcm.co.jp/site/2007/10/tamatebako/ntt-com/0710-ntt-com.html				
IT	2000	12	26							1	フレッツADSL本格提供開始（NTT東日本）	中山	高橋	1		https://www.ntt-east.co.jp/release/0012/001212.html				
IT	2000	12	31							0	インターネット博覧会開幕	中山				https://ja.wikipedia.org/wiki/%E3%82%A4%E3%83%B3%E3%82%BF%E3%83%BC%E3%83%8D%E3%83%83%E3%83%88%E5%8D%9A%E8%A6%A7%E4%BC%9A				
IT	2000	3								1	移動電話が固定電話を抜く	丸山	高橋	1		https://www.soumu.go.jp/johotsusintokei/whitepaper/ja/h27/html/nc111220.html				
IT	2000	6	21							0	東芝　ワープロ事業からの撤退を発表	丸山			撤退発表は不明	https://ja.wikipedia.org/wiki/%E3%83%AF%E3%83%BC%E3%83%89%E3%83%97%E3%83%AD%E3%82%BB%E3%83%83%E3%82%B5				
政府機関	2000	7	21							0	九州沖縄サミット開催	丸山				https://ja.wikipedia.org/wiki/%E7%AC%AC26%E5%9B%9E%E4%B8%BB%E8%A6%81%E5%9B%BD%E9%A6%96%E8%84%B3%E4%BC%9A%E8%AD%B0				
IT	2000	10	1							0	DDI・KDD・IDOが合併 KDDI発足	丸山				https://ja.wikipedia.org/wiki/KDDI				
IT	2000	10	12							1	日本初のネット専用銀行「ジャパンネット銀行」営業開始	丸山	高橋	1		https://ja.wikipedia.org/wiki/PayPay%E9%8A%80%E8%A1%8C				
IT	2001	3	1							1	国内初の家庭向けFTTHサービス開始	中山	高橋	1		https://bb.watch.impress.co.jp/news/2001/08/09/k-opti.htm				
IT	2001	5	20							0	ウィキペディア日本語版開設	中山				https://ja.wikipedia.org/wiki/%E3%82%A6%E3%82%A3%E3%82%AD%E3%83%9A%E3%83%87%E3%82%A3%E3%82%A2%E6%97%A5%E6%9C%AC%E8%AA%9E%E7%89%88				
IT	2001	10								0	W-CDMA方式第三世代携帯電話サービス開始	中山				https://ja.wikipedia.org/wiki/%E7%AC%AC3%E4%B8%96%E4%BB%A3%E7%A7%BB%E5%8B%95%E9%80%9A%E4%BF%A1%E3%82%B7%E3%82%B9%E3%83%86%E3%83%A0				
IT	2001	10	23							1	iPod発表	中山	高橋	1		https://ja.wikipedia.org/wiki/IPod				
IT	2001	11	16							1	WindowsXP発売（リテール向け）	中山	高橋	1		https://ja.wikipedia.org/wiki/Microsoft_Windows_XP				
IT	2001	11	18							1	JR東日本Suicaサービス開始	中山	高橋	1		https://ja.wikipedia.org/wiki/Suica				
IT	2001									0	CDN（Content Delivery Network）が普及	丸山			磁気不明	https://ja.wikipedia.org/wiki/%E3%82%B3%E3%83%B3%E3%83%86%E3%83%B3%E3%83%84%E3%83%87%E3%83%AA%E3%83%90%E3%83%AA%E3%83%8D%E3%83%83%E3%83%88%E3%83%AF%E3%83%BC%E3%82%AF				
IT	2002	1								1	学術情報ネットワークSINET2（スーパーSINET）運用開始	中山	高橋	1		https://ja.wikipedia.org/wiki/SINET	https://www.sinet.ad.jp/aboutsinet/history			
IT	2002	4	1							0	CDMA2000 1X方式第三世代携帯電話サービス開始	中山				https://ja.wikipedia.org/wiki/CDMA2000				
IT	2002	8	5							1	住民基本台帳ネットワーク運用開始	中山	高橋	1		https://ja.wikipedia.org/wiki/%E4%BD%8F%E6%B0%91%E5%9F%BA%E6%9C%AC%E5%8F%B0%E5%B8%B3%E3%83%8D%E3%83%83%E3%83%88%E3%83%AF%E3%83%BC%E3%82%AF%E3%82%B7%E3%82%B9%E3%83%86%E3%83%A0				
IT	2002	9	27							1	IP電話050局番割り当て開始	中山	高橋	1		https://ja.wikipedia.org/wiki/%E6%97%A5%E6%9C%AC%E3%81%AEIP%E9%9B%BB%E8%A9%B1				
IT	2002	11	1							1	カメラ付き携帯電話「写メール」登場	中山	高橋	1	高橋：写メール登場に変更	https://ja.wikipedia.org/wiki/%E5%86%99%E3%83%A1%E3%83%BC%E3%83%AB				
IT	2003	10								0	9月末日　ブロードバンドユーザ1,200万加入突破	持田				https://internet.watch.impress.co.jp/cda/news/2003/10/31/978.html				
IT	2003	3								1	JPCERT/CC法人化	持田	高橋	1		https://ja.wikipedia.org/wiki/JPCERT/CC				
IT	2003	1	7							0	JPドメイン名の登録数50万件突破	持田				https://www.nic.ad.jp/ja/topics/2003/20030108-01.html				
IT	2004	2	4							1	Facebookサービス開始	唐沢	高橋	1		https://ja.wikipedia.org/wiki/Facebook	https://en.wikipedia.org/wiki/Facebook			
IT	2004	3	3							1	ソーシャル・ネットワーキング サービス『mixi』の運営開始（一般リリース）	持田	高橋	1		https://ja.wikipedia.org/wiki/Mixi	https://u-ful.com/20855			
IT	2004	5	9							1	P2Pファイル共有ソフトウェア「Winny」開発者が逮捕される(後に最高裁で無罪が確定)	持田	高橋	1		https://ja.wikipedia.org/wiki/Winny	https://www.itmedia.co.jp/news/articles/0405/10/news008.html			
IT	2004	9	1							0	NTT東日本が「ひかり電話」サービス開始	持田			ひかり電話が良いのか？	https://ja.wikipedia.org/wiki/%E3%83%95%E3%83%AC%E3%83%83%E3%83%84#%E3%81%B2%E3%81%8B%E3%82%8A%E9%9B%BB%E8%A9%B1				
IT	2005	2	15							1	YouTube設立（サービス開始？）	持田	高橋	1		https://ja.wikipedia.org/wiki/YouTube				
IT	2005	6	1							0	JPドメイン名の登録数70万件突破	持田				https://jprs.co.jp/press/2005/050601.html				
IT	2005	4								0	JPCERT/CCが早期警戒業務を開始	持田			年までしか藁数					
	2005	11	1							1	11月1日 　東京証券取引所システム障害	持田								
IT	2006	7	15							1	Twitterがサービス開始	西尾	高橋	1		https://ja.wikipedia.org/wiki/Twitter				
IT	2006	12	12							1	ニコニコ動画サービス開始	西尾	高橋	1		https://ja.wikipedia.org/wiki/%E3%83%8B%E3%82%B3%E3%83%8B%E3%82%B3%E5%8B%95%E7%94%BB				
IT	2007	6	29							1	iPhone発売開始	西尾	高橋	1		https://ja.wikipedia.org/wiki/IPhone				
IT	2008	9	23							1	Androidスマートフォン発売(HTC Dream)	丸山	高橋	1		https://ja.wikipedia.org/wiki/%E3%82%B9%E3%83%9E%E3%83%BC%E3%83%88%E3%83%95%E3%82%A9%E3%83%B3	https://ja.wikipedia.org/wiki/HTC_Dream	https://en.wikipedia.org/wiki/HTC_Dream		
IT	2007	8	31							1	初音ミク活動開始	丸山	高橋	1		https://ja.wikipedia.org/wiki/%E5%88%9D%E9%9F%B3%E3%83%9F%E3%82%AF				
IT	2008	4	23							0	日本版Twitterがサービス開始	西尾				https://ja.wikipedia.org/wiki/Twitter#%E6%97%A5%E6%9C%AC%E5%B8%82%E5%A0%B4%E3%81%AB%E3%81%8A%E3%81%91%E3%82%8B%E5%B1%95%E9%96%8B				
IT	2008	5	19							0	日本版Facebookがサービス開始	西尾				https://ja.wikipedia.org/wiki/Facebook#%E6%97%A5%E6%9C%AC				
IT	2012	6	20							1	ファーストサーバのデータロスト	高橋	高橋	1		https://ja.wikipedia.org/wiki/%E3%83%95%E3%82%A1%E3%83%BC%E3%82%B9%E3%83%88%E3%82%B5%E3%83%BC%E3%83%90			1	
IT	2000	1	1							1	西暦2000年（Y2K）問題	中山	高橋	1		https://ja.wikipedia.org/wiki/2000%E5%B9%B4%E5%95%8F%E9%A1%8C				
セキュリティ	2000	1								1	中央省庁Webサイト連続不正アクセス	中山	丸山			https://www.jpcert.or.jp/tips/2007/wr071801.html	http://www.kogures.com/hitoshi/history/virus-2000-web-kaizan/index.html			
セキュリティ	2000	3	2							1	Playstation.com、設計上の問題で顧客情報流出	中山	丸山			https://ja.wikipedia.org/wiki/PlayStation_Network%E5%80%8B%E4%BA%BA%E6%83%85%E5%A0%B1%E6%B5%81%E5%87%BA%E4%BA%8B%E4%BB%B6				
セキュリティ	2000	7								0	JIS X 5070制定	中山				https://ja.wikipedia.org/wiki/%E3%82%B3%E3%83%A2%E3%83%B3%E3%82%AF%E3%83%A9%E3%82%A4%E3%83%86%E3%83%AA%E3%82%A2				
セキュリティ	2000	5								1	LOVELETTERウィルス流行	中山	丸山			https://ja.wikipedia.org/wiki/LOVELETTER				
セキュリティ	2013	6								1	米NSA「ECHLON／PRISM盗聴疑惑」	中山	丸山		2000年を2013/6月に修正？（高橋）	https://ja.wikipedia.org/wiki/PRISM_(%E7%9B%A3%E8%A6%96%E3%83%97%E3%83%AD%E3%82%B0%E3%83%A9%E3%83%A0)				
セキュリティ	2000									0	企業Webサイト顧客情報漏洩多発	中山			わからない。。。					
セキュリティ	2000	5								1	「I LOVE YOU」ウイルス流行	丸山	丸山		5月を追加（高橋）	https://ja.wikipedia.org/wiki/LOVELETTER				
セキュリティ	2000	2								1	Yahoo!、Amazon、eBayなどが大規模なDDoS攻撃によりダウン	丸山	丸山			https://www.jpcert.or.jp/tips/2007/wr072401.html				
セキュリティ	2000									1	米NSIが運営するレジストリに不正侵入、アドレスが書き換えられる	丸山	丸山		JNSA以外には見つからず（高橋）	https://www.jpcert.or.jp/magazine/chronology/				
セキュリティ	2000									1	ワームのMyDoomが世界全体のインターネット接続速度を10％低下	丸山	丸山		2004年？	https://www.eweek.com/security/mydoom-slows-web-performance/	https://www.spamfighter.com/News-15735-MyDoom-the-Greatest-Damaging-Malicious-Program-During-Past-10-Years.htm	https://en.wikipedia.org/wiki/Mydoom		
セキュリティ	2000	11								0	Hybris（感染メールを発信するトロイ。機能拡張が可能）	丸山								
セキュリティ	2000	11								1	迷惑メール対策としてiモード利用者向けに電子メールの着信拒否機能	丸山	丸山		ニュースなど発見できず					
セキュリティ	2000	11								0	MTX（メールを独自に発信するトロイの木馬）	丸山								
セキュリティ	2000	9								1	パレスチナとイスラエルとの紛争、インターネット上にも波及	丸山	丸山			https://www2.jiia.or.jp/pdf/ampo/h13_ampo/6.pdf				
セキュリティ	2000									1	ISMSが国際規格 ISO/IEC17799 として制定される	丸山	丸山		ISMSの国際規格（ISO/IEC17799）の制定	＃用語はある程度マニアックでもOK、規格は「○○の制定」とする	ISO/IEC17799 /2000	https://www2.iisec.ac.jp/proc/vol0006/harada14.pdf		
セキュリティ	2001	2								1	日本ドメイン（*.jp）のウェブサイトへの侵入と改ざんが多発	丸山	丸山			https://xtech.nikkei.com/it/members/NC/ITARTICLE/20010314/2/				
セキュリティ	2001	4～								0	Ramenワーム	中山								
セキュリティ	2001	5								1	Sadmind/IISワーム（脆弱なSolaris サーバに感染し、他のIIS のwebページに攻撃を仕掛ける)	丸山	丸山			https://xtech.nikkei.com/it/free/ITPro/NEWS/20010510/2/				
セキュリティ	2001	6								1	米電力会社送電網システムへ不正侵入	中山	丸山			https://scan.netsecurity.ne.jp/article/2001/06/21/2416.html				
セキュリティ	2001	7								0	Sircamウイルス	丸山								
セキュリティ	2001	8								1	無線LAN暗号化アルゴリズム「WEP」攻撃手法公開	中山	丸山			http://www.isaac.cs.berkeley.edu/isaac/mobicom.pdf	https://ja.wikipedia.org/wiki/Wired_Equivalent_Privacy#cite_note-Intercepting_Mobile_Comm_Nik_Ian_Dav-2			
セキュリティ	2001	9～								1	迅速かつ広範囲に感染を広げることに特化したNimdaウイルス登場	中山	丸山		Nimdaウイルス多発　とか？	＃ウイルス系は書き換える依頼を出す	https://www.jpcert.or.jp/tips/2007/wr074601.html			
セキュリティ	2001	7～								1	CodeRedワーム登場、数千台の感染機器によるDoS攻撃で唯一の「インターネットが麻痺した日」を引き起こした	中山	丸山		同上	https://ja.wikipedia.org/wiki/Code_Red				
セキュリティ	2001	9								0	2001年9月9日問題（s1g問題）	中山								
セキュリティ	2001									0	JPCERT/CCへの緊急報告件数急増	中山								
セキュリティ	2001	4								1	セキュリティ評価・認証プログラム開始（ISO 15408）	丸山	丸山			https://ja.wikipedia.org/wiki/%E3%82%B3%E3%83%A2%E3%83%B3%E3%82%AF%E3%83%A9%E3%82%A4%E3%83%86%E3%83%AA%E3%82%A2				
セキュリティ	2001	11								1	Klezワーム被害拡大（感染したPCのメール情報を元に、ヘッダーや送信者を詐称して拡散を広げる）	丸山	丸山		同上	https://xtech.nikkei.com/it/free/ITPro/USNEWS/20020306/4/				
セキュリティ	2001	11								1	NIST が正式にAES をFIPS197として公表	丸山	丸山			https://nvlpubs.nist.gov/nistpubs/fips/nist.fips.197.pdf				
セキュリティ	2001									1	BINDに実装上の脆弱性	丸山	丸山		「DNSサーバ「BIND」に実装上の脆弱性が発見される」で良いのか？	＃脆弱性については後回しで考える				
セキュリティ	2001									1	SNMPに実装上の脆弱性	丸山	丸山		メール転送プロトコル「SNMP」に実装上の脆弱性が発見される？	https://xtech.nikkei.com/it/free/ITPro/NEWS/20020213/1/	2002年？			
セキュリティ	2001									1	OSやアンチウイルスソフトの自動更新機能の普及　→書き方は要検討	丸山	丸山							
セキュリティ	2002	1～								0	Klezウイルス	中山								
セキュリティ	2002	1								0	インシデント情報共有フォーマット「IODEF」策定	中山								
セキュリティ	2002	3	24		2002	3	26			0	APACセキュリティインシデント対応会議「APSIRC」東京開催	中山								
セキュリティ	2002	4								0	JPNICがセキュリティ事業開始	中山								
セキュリティ	2002	4	1							1	みずほ銀行で大規模システム障害発生	中山	丸山			http://www.shippai.org/fkd/hf/HA0000623.pdf				
セキュリティ	2002	4								1	情報セキュリティマネジメントシステム(ISMS)適合性評価制度の運用開始	丸山	丸山			http://lab.iisec.ac.jp/~harada_lab/lab/2013/20140221_harada.pdf				
セキュリティ	2002	4								1	マイクロソフト「信頼できるコンピューティング (Trustworthy Computing)」を発表	丸山	丸山		セキュリティ対策？	https://www.microsoft.com/security/blog/2022/01/21/celebrating-20-years-of-trustworthy-computing/	https://news.mynavi.jp/techplus/article/20120201-ms/			
セキュリティ	2002	5								1	Benjaminワーム登場、P2PネットワークKaZaaを介して拡散	中山	丸山			https://scan.netsecurity.ne.jp/article/2002/05/21/5230.html				
セキュリティ	2002	5	26							0	YKK関連会社サイト不正アクセス、個人情報流出約4.5万人	中山								
セキュリティ	2002	5	27							0	TBCウェブサイト不正アクセス、個人情報流出約3.7万人	中山								
セキュリティ	2002	7	1							0	APNICで全RIR共通IPv6アドレスポリシー施行	中山								
セキュリティ	2002	7	14		2002	7	19			0	「IETF会議」横浜開催	中山								
セキュリティ	2002	7								1	インシデント情報共有・分析センター「Telecom-ISAC Japan」発足	中山	丸山			https://www.telecom-isac.jp/public/soshiki.html				
政府機関	2000	2								0	警察庁「情報セキュリティ政策大系」策定	中山								
政府機関	2000	2	29							0	内閣官房「情報セキュリティ対策推進室」設置	中山								
政府機関	2001	4	1							1	「電子署名及び認証業務に関する法律」施行	中山	冨田	1		https://www.soumu.go.jp/main_sosiki/joho_tsusin/top/denshi_syomei/index.html				
政府機関	2000	9	21							1	「e-Japan」構想発表	中山	冨田	1		https://www.shugiin.go.jp/internet/itdb_annai.nsf/html/statics/ugoki/h13ugoki/150/mokuj150.htm				
政府機関	2000	12	15							0	「重要インフラのサイバーテロ対策に係る特別行動計画」策定	中山								
政府機関	2000									1	暗号技術評価事業「CRYPTREC」活動開始	中山	冨田	1		https://www.cryptrec.go.jp/development.html				
政府機関	2000	8	15							1	犯罪捜査のための通信傍受（盗聴）に関する法律（通信傍受法）施行	丸山	冨田	1		https://www.npa.go.jp/hakusyo/h12/h120102.html				
政府機関	2001	1	6							1	中央省庁1府12省庁へ再編統合	中山	冨田	1		https://www.soumu.go.jp/main_sosiki/joho_tsusin/top/saihen/infomation_0.html				
政府機関	2001	1	6							1	高度情報通信ネットワーク社会形成基本法（IT基本法）施行	中山	冨田	1		https://www.cas.go.jp/jp/seisaku/hourei/data/BAFAITNS_2.pdf				
政府機関	2001	4	1							1	情報公開法およびIT書面一括法施行	中山	冨田	1	電子署名法は別項目にあるので除外した	https://www.soumu.go.jp/main_sosiki/gyoukan/kanri/jyohokokai/  https://www.mhlw.go.jp/shingi/2005/11/dl/s1128-3l05.pdf				
政府機関	2001	4	26							0	第一次小泉内閣発足	中山								
政府機関	2001	1	22							1	e-Japan 戦略発表	丸山	冨田	1	6月26日は翌年の重点戦略公表日だった	https://www.soumu.go.jp/johotsusintokei/whitepaper/ja/h27/html/nc111240.html				
政府機関	2001	11	23							1	国際条約「サイバー犯罪条約」署名	中山	冨田	1		https://www.mofa.go.jp/mofaj/gaiko/treaty/treaty159_4.html				
政府機関	2002	2	1							0	電子投票法（公職選挙法の特例法）施行	丸山								
政府機関	2002	4	1							1	NIRT（National Incident Response Team)設置	丸山	冨田	1		https://www8.cao.go.jp/cstp/project/export/ITPT-B/ITPT1/shiryo.1-7.pdf				
政府機関	2002	5	27							1	「プロバイダ責任制限法」施行	中山	冨田	1		https://www.cao.go.jp/consumer/iinkai/2012/089/doc/089_120522_shiryou8-1.pdf 				
政府機関	2002	7	1							1	「特定電子メールの送信の適正化等に関する法律」施行	中山	冨田	1		https://elaws.e-gov.go.jp/document?lawid=414M60000008066				
政府機関	2002	12	13							0	行政手続オンライン化関係三法（法律第151～153号）公布	中山								
政府機関	2003	10	10							1	経済産業省｢情報セキュリティ総合戦略｣を発表	持田	冨田	1		https://warp.da.ndl.go.jp/info:ndljp/pid/9968513/www.meti.go.jp/policy/netsecurity/downloadfiles/Strategy_Press.pdf				
政府機関	2003	8	25							1	住基ネット本格稼動	持田	唐沢	ok		https://ja.wikipedia.org/wiki/%E4%BD%8F%E6%B0%91%E5%9F%BA%E6%9C%AC%E5%8F%B0%E5%B8%B3%E3%83%8D%E3%83%83%E3%83%88%E3%83%AF%E3%83%BC%E3%82%AF%E3%82%B7%E3%82%B9%E3%83%86%E3%83%A0				
政府機関	2003	5	23							1	個人情報保護法関連５法の成立	持田	唐沢	ok		https://ja.wikipedia.org/wiki/%E5%80%8B%E4%BA%BA%E6%83%85%E5%A0%B1%E3%81%AE%E4%BF%9D%E8%AD%B7%E3%81%AB%E9%96%A2%E3%81%99%E3%82%8B%E6%B3%95%E5%BE%8B				
政府機関	2003	4	1							1	経済産業省「情報セキュリティ監査制度」施行	持田	唐沢	?	4/1というエビデンスは不明　日経クロステックに記載ありました（小屋）https://xtech.nikkei.com/it/members/NC/ITARTICLE/20030416/1/	https://www.meti.go.jp/policy/netsecurity/is-kansa/				
政府機関	2003									0	「個人情報の保護に関する法律」成立	永野								
政府機関	2003									1	自衛隊イラク派遣決定、「戦闘」下で初 	永野	唐沢	ok		https://ja.wikipedia.org/wiki/%E8%87%AA%E8%A1%9B%E9%9A%8A%E3%82%A4%E3%83%A9%E3%82%AF%E6%B4%BE%E9%81%A3				
政府機関	2005	4	1							1	個人情報保護法全面施行	持田	唐沢	ok		https://ja.wikipedia.org/wiki/%E5%80%8B%E4%BA%BA%E6%83%85%E5%A0%B1%E3%81%AE%E4%BF%9D%E8%AD%B7%E3%81%AB%E9%96%A2%E3%81%99%E3%82%8B%E6%B3%95%E5%BE%8B				
JNSA	1999	10								1	設立準備会発足	下村								
JNSA	2000	4	13		2001	7				1	任意団体として発足（事務所：東京都江東区）	下村								
JNSA	2000	4	13		2007	6	6			1	会長石田晴久先生	下村								
JNSA	2001	7	4							1	NPO法人に移行	下村								
JNSA	2007	6	6		2010	8				1	佐々木先生会長就任、NISC補佐官就任のため退任	下村								
JNSA	2008	9								1	事務所移転（東京都港区）	下村								
JNSA	2011	6								1	田中先生会長就任	下村								
JNSA	2011	7	1							1	在宅勤務における情報セキュリティ対策ガイドブック発刊	西尾								
JNSA	2012	2								1	産学情報セキュリティ人材育成検討会発足	西尾								
JNSA	2013	2	23							1	第１回SECCON CTF全国大会開催	西尾								
JNSA	2015	10	15							1	JNSA15周年記念論文賞を授与	西尾								
JNSA	2015	10	15							1	JNSAフェローの称号を井上氏、大和氏に贈呈	西尾								
JNSA	2022	4	1							1	丸山史郎氏JNSAに1億円寄付	下村								
JNSA活動	2000	4								1	政策部会	下村				JNSA活動の企画推進、省庁との調整				
JNSA活動	2000	4								1	マーケティング部会	下村				セミナー、イベントなどJNSAの認知度向上を行う				
JNSA活動	2000	4								1	技術部会	下村				会員の技術力向上やガイドライン作成を行う				
JNSA活動	2002	4								1	セキュリティポリシーサンプル作成	下村				分野ごとのセキュリティポリシーの検討				
JNSA活動	2000	4	2002	3						1	IPSEC接続実験	下村				セキュリティ製品の相互接続性の検証（VPN装置）				
JNSA活動	2000	4								1	技術部会　技術用語WG	下村				セキュリティ技術用語の定義と解説作成				
JNSA活動	2001	12			2022					1	セキュリティ被害調査	下村				個人情報漏洩インシデント調査（継続中）				
JNSA活動	2001	8								1	CA相互接続実験開始（Challenge PKI)	下村								
JNSA活動	2002	4	17							1	拡大幹事会開始	下村								
JNSA活動	2002	12								1	CD-ROM「ネットワーク社会のここが危ない！」製作	下村								
JNSA活動	2002	8								1	会報誌「JNSA Press」発刊	下村								
JNSA活動	2003	2								1	セキュリティエンジニアSkillmap発表	下村								
JNSA活動	2003	10								1	インターネット安全教室	下村				当初11か所				
JNSA活動	2003	12	3							1	「個人情報保護法対策 セキュリティ実践マニュアル」発刊	下村				インプレス社より				
JNSA活動	2004	2								1	「SSL VPN検証報告」発表	下村				SSL VPN製品の実機検証（5製品）				
JNSA活動	2004	4			2022					1	電子署名検討WG発足	下村								
JNSA会員数	2000	4	1							1	54	下村								
JNSA会員数	2001	4	1							1	101	下村								
JNSA会員数	2002	4	1							1	119	下村								
JNSA会員数	2003	4	1							1	157	下村								
JNSA会員数	2004	4	1							1	164	下村								
JNSA会員数	2005	4	1							1	188	下村								
JNSA会員数	2006	4	1							1	189	下村								
JNSA会員数	2007	4	1							1	203	下村								
JNSA会員数	2008	4	1							1	200	下村								
JNSA会員数	2009	4	1							1	176	下村								
JNSA会員数	2010	4	1							1	158	下村								
JNSA会員数	2011	4	1							1	146	下村								
JNSA会員数	2012	4	1							1	141	下村								
JNSA会員数	2013	4	1							1	135	下村								
JNSA会員数	2014	4	1							1	138	下村								
JNSA会員数	2015	4	1							1	155	下村								
JNSA会員数	2016	4	1							1	166	下村								
JNSA会員数	2017	4	1							1	185	下村								
JNSA会員数	2018	4	1							1	214	下村								
JNSA会員数	2019	4	1							1	224	下村								
JNSA会員数	2020	4	1							1	229	下村								
JNSA会員数	2021	4	1							1	234	下村								
JNSA会員数	2021	12	1							1	261	下村								
世の中	2012	9	11							1	日本政府、尖閣諸島の魚釣島及び南小島を国有化	小屋	小屋			https://www.yomiuri.co.jp/special/yol20th/article/n2012-1.html			1	
IT	2011	2	3							1	ICANNのIPv4アドレス在庫が枯渇	唐沢	高橋	1		https://ja.wikipedia.org/wiki/IP%E3%82%A2%E3%83%89%E3%83%AC%E3%82%B9%E6%9E%AF%E6%B8%87%E5%95%8F%E9%A1%8C				
セキュリティ	2002	8								1	OECDの新情報セキュリティ・ガイドラインが公開	丸山	丸山		ガイドラインが公開？	https://www.ipa.go.jp/security/fy14/reports/oecd/handout.pdf				
セキュリティ	2002	8								0	自衛隊のシステム開発の設計資料の一部外部流出	丸山								
世の中	2012	10	8							0	ノーベル生理学・医学賞を京都大学山中伸弥教授が受賞	小屋							0	
セキュリティ	2002	11								1	DNSルートサーバに一斉DoS攻撃	丸山	丸山			https://www.itmedia.co.jp/news/0210/23/njbt_01.html				
世の中	2012	2	29							0	東京スカイツリー完成	高橋				https://ja.wikipedia.org/wiki/%E6%9D%B1%E4%BA%AC%E3%82%B9%E3%82%AB%E3%82%A4%E3%83%84%E3%83%AA%E3%83%BC			0	
セキュリティ	2002	11								1	米国、「連邦情報セキュリティマネジメント法（FISMA）」制定	丸山	中山	？（左記のIPAのサイトでは12月制定という記載でした）		https://www.ipa.go.jp/security/publications/nist/fisma.html				
セキュリティ	2003	8								1	Blasterワーム流行	持田	中山	1		https://internet.watch.impress.co.jp/cda/special/2003/08/13/133.html				
世の中	2013	6	5							1	スノーデンによる米NSA盗聴活動の暴露	唐沢	小屋			https://ja.wikipedia.org/wiki/%E3%82%A8%E3%83%89%E3%83%AF%E3%83%BC%E3%83%89%E3%83%BB%E3%82%B9%E3%83%8E%E3%83%BC%E3%83%87%E3%83%B3			1	
世の中	2013	9	8							0	2020年夏季五輪・パラリンピックの開催地が東京に決定	小屋（追加）								
セキュリティ	2003	8								1	Antinnyウイルスによる情報漏えい多発	持田	中山	1	Antinnyウイルスによる情報漏えい多発？	https://www.jpcert.or.jp/tips/2008/wr083801.html				
セキュリティ	2003	3								0	JPCERT/CC法人化	持田								
世の中	2013	9	7							0	2020年東京オリンピック・パラリンピック開催決定	西尾							0	
世の中	2013									0	バカッター（11/20流行語大賞ノミネート）	唐沢							0	
世の中	2013	6								0	エドワード・スノーデン、NSAによる国際的監視網（PRISM）の実在を告発	高橋				https://ja.wikipedia.org/wiki/%E3%82%A8%E3%83%89%E3%83%AF%E3%83%BC%E3%83%89%E3%83%BB%E3%82%B9%E3%83%8E%E3%83%BC%E3%83%87%E3%83%B3			0	
IT	2011	3	31							0	NTTドコモ PDCによる携帯電話サービスmova終了	小屋								
セキュリティ	2003									0	MS Bluster大流行	永野								
セキュリティ	2003									1	KLEZが国内で流行（2001年から感染事例は発生）	永野	中山	？（2002年に「猛威」、2002年9月に「じりじりと収束」という記事あり）		https://xtech.nikkei.com/it/free/NCC/NEWS/20020507/4/				
セキュリティ	2003									1	SOBIGワームによる被害拡大（マネタイズした最初のマルウェア）	永野	中山	1		https://xtech.nikkei.com/it/free/ITPro/USNEWS/20031204/10/				
セキュリティ	2003									1	情報漏えいを狙ったBUGBEARウイルスが登場	永野	中山	？（最流行は2002年10月からと思われます#左記）		https://www.itmedia.co.jp/news/0212/03/nebt_12.html				
セキュリティ	2003									1	Sircam　⇒感染確認は2000年から	永野	中山	？（2000年確認、2001～2002年に猛威、10月16日に起動しCドライブのファイル削除）		https://xtech.nikkei.com/it/members/ITPro/SEC_CHECK/20010910/1/				
セキュリティ	2003									0	ファミマ・クラブ会員の個人情報約18万人分	永野								
世の中	2014	1								1	STAP細胞騒動	西尾	小屋			https://japanknowledge.com/introduction/keyword.html?i=51			1	
世の中	2014	2	15							0	ソチオリンピックで羽生結弦が金メダル	西尾							0	
IT	2012	5								1	Google Chromeが世界ブラウザ市場で初のトップに	小屋	高橋	1		https://ja.wikipedia.org/wiki/Google_Chrome				
世の中	2014	3	31							0	フジテレビ系長寿番組「笑っていいとも」放送終了	小屋							0	
セキュリティ	2003									0	ローソンパス会員の個人情報 約56万人分	永野								
セキュリティ	2004									0	NTTドコモ九州　元従業員による金銭目的での外部持ち出し	永野				https://cybersecurity-jp.com/column/17039				
セキュリティ	2004									0	ジャパネットたかた　元従業員により顧客情報が保存されたCD-Rが持ち出され、外部に流出51万人	永野				https://cybersecurity-jp.com/column/16428				
世の中	2014	4	1							1	消費税5%から8%に増税	小屋	唐沢	ok		https://ja.wikipedia.org/wiki/%E6%B6%88%E8%B2%BB%E7%A8%8E			1	
世の中	2014	7	1							0	野々村竜太郎議員号泣会見	小屋							0	
世の中	2014	9	27							0	御岳山噴火	西尾							0	
世の中	2014	7	17							1	マレーシア航空17便撃墜事件	高橋	小屋			https://ja.wikipedia.org/wiki/%E3%83%9E%E3%83%AC%E3%83%BC%E3%82%B7%E3%82%A2%E8%88%AA%E7%A9%BA17%E4%BE%BF%E6%92%83%E5%A2%9C%E4%BA%8B%E4%BB%B6			1	
世の中	2014	9	18							0	2014年スコットランド独立住民投票	高橋				https://ja.wikipedia.org/wiki/2014%E5%B9%B4%E3%82%B9%E3%82%B3%E3%83%83%E3%83%88%E3%83%A9%E3%83%B3%E3%83%89%E7%8B%AC%E7%AB%8B%E4%BD%8F%E6%B0%91%E6%8A%95%E7%A5%A8			0	
セキュリティ	2005	4	28							1	フィッシング対策協議会設立	持田	中山	1		https://member.antiphishing.jp/about_ap/index.html				
セキュリティ	2005									0	DeNA　情報流出3万6,239件（うちクレジットカード情報1万26件）	永野								
セキュリティ	2005									1	Yahoo! BB　元社員が全加入者660万人分の情報を持ち出し	永野	中山	？		https://ja.wikipedia.org/wiki/Yahoo!_BB%E9%A1%A7%E5%AE%A2%E6%83%85%E5%A0%B1%E6%BC%8F%E6%B4%A9%E4%BA%8B%E4%BB%B6				
セキュリティ	2005									0	クラブツーリズム　不正アクセスで約9万人分(ID・パスワード他)流出	永野								
セキュリティ	2006	2	7							1	警視庁、フィッシング詐欺で初の逮捕者	西尾	中山	1		https://internet.watch.impress.co.jp/cda/news/2006/02/07/10787.html				
世の中	2014	12	5							0	大韓航空ナッツ・リターン事案	高橋				https://ja.wikipedia.org/wiki/%E5%A4%A7%E9%9F%93%E8%88%AA%E7%A9%BA%E3%83%8A%E3%83%83%E3%83%84%E3%83%BB%E3%83%AA%E3%82%BF%E3%83%BC%E3%83%B3			0	
セキュリティ	2007	3	12							0	大日本印刷顧客情報流出、43社・約864万件	西尾								
セキュリティ	2008	1	24							1	原田ウイルス作成者逮捕	西尾	中山	1		https://ja.wikipedia.org/wiki/%E5%8E%9F%E7%94%B0%E3%82%A6%E3%82%A4%E3%83%AB%E3%82%B9				
政府機関	2005	4	1							1	内閣官房情報セキュリティセンター（NISC）が発足	持田	唐沢	ok		https://ja.wikipedia.org/wiki/%E5%86%85%E9%96%A3%E3%82%B5%E3%82%A4%E3%83%90%E3%83%BC%E3%82%BB%E3%82%AD%E3%83%A5%E3%83%AA%E3%83%86%E3%82%A3%E3%82%BB%E3%83%B3%E3%82%BF%E3%83%BC				
政府機関	2005	4	1							1	e-文書法施行	持田	唐沢	ok		https://ja.wikipedia.org/wiki/E-%E6%96%87%E6%9B%B8%E6%B3%95				
セキュリティ	2008	6	13							1	JPCERT/CCが偽セキュリティ対策ソフトに対する注意喚起	西尾	中山	1		https://www.jpcert.or.jp/tips/2007/wr072201.html				
セキュリティ	2008	7	24							1	JPCERT/CCがDNSキャッシュポイズニングに対する注意喚起	西尾	中山	1		https://www.jpcert.or.jp/at/2008/at080014.txt				
世の中	2010									1	アラブの春	高橋	小屋			https://ja.wikipedia.org/wiki/%E3%82%A2%E3%83%A9%E3%83%96%E3%81%AE%E6%98%A5				
セキュリティ	2011	4								1	PlayStation Network情報漏洩	西尾	中山	1		https://ja.wikipedia.org/wiki/PlayStation_Network%E5%80%8B%E4%BA%BA%E6%83%85%E5%A0%B1%E6%B5%81%E5%87%BA%E4%BA%8B%E4%BB%B6				
セキュリティ	2011	9								1	三菱重工にサイバー攻撃	西尾	中山	1		https://www.nikkei.com/article/DGXNASDG1900N_Z10C11A9000000/				
セキュリティ	2012	5	28							1	Flame	高橋	中山	1		https://ja.wikipedia.org/wiki/Flame_(%E3%83%9E%E3%83%AB%E3%82%A6%E3%82%A7%E3%82%A2)				
セキュリティ	2012	3								1	DNS Changer	高橋	中山	1		https://www.jpcert.or.jp/at/2012/at120008.html				
セキュリティ	2010	1	12							1	標的型攻撃(Operation Aurora)	高橋	中山	1		https://ja.wikipedia.org/wiki/%E3%82%AA%E3%83%BC%E3%83%AD%E3%83%A9%E4%BD%9C%E6%88%A6				
セキュリティ	2012	1								1	トロイの木馬「Citadel」開発	小屋	中山	1		https://www.security-next.com/030001				
セキュリティ	2012	3								0	ベクター、不正アクセスにより26万件の個人情報漏洩の可能性	小屋								
セキュリティ	2012	4	1							0	唐沢勇輔氏が情報セキュリティ大学院大学情報セキュリティ研究科に入学	西尾								
セキュリティ	2012	6	20							1	ファーストサーバ障害により企業のデータ多数消失	小屋	中山	1		https://www.nikkei.com/article/DGXNASFK2600L_W2A620C1000000/				
政府機関	2005	11	16							1	「郵政民営化法」施行	持田	唐沢	ok		https://hourei.ndl.go.jp/simple/detail?lawId=0000104009&current=-1				
世の中	2015	1	20							1	イスラム国が日本人２人を拘束、殺害映像を公開	西尾	小屋			https://jp.reuters.com/article/is-japanese-idJPKBN0KT0H220150120			1	
世の中	2015	4	25							1	首相官邸にドローンが落下	大徳	小屋			https://ja.wikipedia.org/wiki/%E9%A6%96%E7%9B%B8%E5%AE%98%E9%82%B8%E7%84%A1%E4%BA%BA%E6%A9%9F%E8%90%BD%E4%B8%8B%E4%BA%8B%E4%BB%B6			1	
世の中	2015	9	29							0	米国とキューバが国交回復	大徳							0	
世の中	2015	11	14							0	パリ同時多発テロ	大徳							0	
世の中	2015									1	ISIS関連テロが多発	高橋	小屋			https://ja.wikipedia.org/wiki/ISIL			1	
世の中	2015									1	2015年欧州難民危機	高橋	小屋			https://ja.wikipedia.org/wiki/2015%E5%B9%B4%E6%AC%A7%E5%B7%9E%E9%9B%A3%E6%B0%91%E5%8D%B1%E6%A9%9F			1	
世の中	2015	9	20							1	フォルクスワーゲン排ガス規制検査不正問題	高橋	小屋			https://ja.wikipedia.org/wiki/%E3%83%87%E3%82%A3%E3%83%BC%E3%82%BC%E3%83%AB%E8%87%AA%E5%8B%95%E8%BB%8A#%E3%83%95%E3%82%A9%E3%83%AB%E3%82%AF%E3%82%B9%E3%83%AF%E3%83%BC%E3%82%B2%E3%83%B3%E6%8E%92%E3%82%AC%E3%82%B9%E8%A6%8F%E5%88%B6%E6%A4%9C%E6%9F%BB%E4%B8%8D%E6%AD%A3%E5%95%8F%E9%A1%8C			1	
世の中	2015	1	6							0	マクドナルド異物混入	高橋				https://ja.wikipedia.org/wiki/%E6%97%A5%E6%9C%AC%E3%83%9E%E3%82%AF%E3%83%89%E3%83%8A%E3%83%AB%E3%83%89#%E7%95%B0%E7%89%A9%E6%B7%B7%E5%85%A5%E4%BA%8B%E4%BB%B6			0	
世の中	2015	3	24							0	ドイツLCCで副操縦士が乗客を道連れに墜落自殺	冨田							0	
世の中	2015	9	1							1	東京2020エンブレムの盗作疑惑でやり直しを決定	冨田	小屋			https://www.bbc.com/japanese/34125008			1	
世の中	2016	1	4							1	マイナンバー制度が開始	大徳	小屋		国税庁によると制度開始は1月1日（小屋）	https://www.nta.go.jp/taxes/tetsuzuki/mynumberinfo/gaiyo.htm#:~:text=%E3%80%8C%E8%A1%8C%E6%94%BF%E6%89%8B%E7%B6%9A%E3%81%AB%E3%81%8A%E3%81%91%E3%82%8B%E7%89%B9%E5%AE%9A%E3%81%AE,%E5%AE%9F%E7%8F%BE%E3%81%99%E3%82%8B%E7%A4%BE%E4%BC%9A%E5%9F%BA%E7%9B%A4%E3%81%A7%E3%81%99%E3%80%82			1	
世の中	2016	6	22							0	シャープ買収、鴻海傘下に	大徳							0	
世の中	2016	7	6							0	Pokemon Goが日本国内でもリリース	唐沢							0	
IT	2011	6	23							1	LINEサービス開始	西尾	高橋	1		https://ja.wikipedia.org/wiki/LINE_(%E3%82%A2%E3%83%97%E3%83%AA%E3%82%B1%E3%83%BC%E3%82%B7%E3%83%A7%E3%83%B3)				
IT	2011	7	24							1	地デジへの完全移行	西尾	高橋	1		https://ja.wikipedia.org/wiki/%E6%97%A5%E6%9C%AC%E3%81%AE%E5%9C%B0%E4%B8%8A%E3%83%87%E3%82%B8%E3%82%BF%E3%83%AB%E3%83%86%E3%83%AC%E3%83%93%E6%94%BE%E9%80%81				
IT	2011	1	6							0	Mac App Store	高橋				https://ja.wikipedia.org/wiki/Mac_App_Store				
IT	2012	8	24							0	金融庁、システム障害が相次ぐ東京証券取引所に対し業務改善命令	唐沢								
IT	2012	10	26							1	MS Windows8発売	西尾	伊藤	1		https://news.microsoft.com/ja-jp/2012/10/26/121026-windows8/#:~:text=%E3%83%9E%E3%82%A4%E3%82%AF%E3%83%AD%E3%82%BD%E3%83%95%E3%83%88%E3%81%AF%E3%80%81%E6%9C%AC%E6%97%A510%E6%9C%88,%E5%88%A9%E7%94%A8%E5%8F%AF%E8%83%BD%E3%81%AB%E3%81%AA%E3%82%8A%E3%81%BE%E3%81%99%E3%80%82				
IT	2013	1								0	KDDIで通信インフラ障害相次ぐ（1月、4月、5月）	小屋							　	
IT	2013	3	15							1	マイクロソフトがタブレット端末「Surface」を日本で発売	小屋	伊藤	1		https://ja.wikipedia.org/wiki/Microsoft_Surface#:~:text=Microsoft%20Surface%E3%81%AF%E3%80%81%E3%83%9E%E3%82%A4%E3%82%AF%E3%83%AD%E3%82%BD%E3%83%95%E3%83%88%E3%81%8C,%E5%B9%B43%E6%9C%8815%E6%97%A5%EF%BC%89%E3%80%82				
IT	2013	11	7							0	Twitter社上場	小屋								
IT	2014	2								1	Slackサービス開始		伊藤	1（?）		https://japan.cnet.com/article/35126163/　https://techblitz.com/slack2/				
IT	2014	4	9							1	MS　WindowsXPサポート終了	小屋	伊藤	1		https://www.ipa.go.jp/security/announce/winxp_eos.html				
IT	2014	9	19							0	米アップルがiPhone6/6Plusを発売	小屋								
IT	2014	4	8							0	Windows XP 延長サポート終了	高橋				https://ja.wikipedia.org/wiki/Microsoft_Windows_XP				
IT	2014	2	28							1	ダイヤルQ2サービス終了	小屋	伊藤	1		https://www.ntt-east.co.jp/info/detail/140201_01.html#:~:text=%E3%80%8C%E3%83%80%E3%82%A4%E3%83%A4%E3%83%AB%EF%BC%B12%E3%80%8D%E3%81%AB%E3%81%A4%E3%81%8D%E3%81%BE%E3%81%97%E3%81%A6%E3%81%AF,%E6%8F%90%E4%BE%9B%E3%82%92%E7%B5%82%E4%BA%86%E3%81%84%E3%81%9F%E3%81%97%E3%81%BE%E3%81%99%E3%80%82			1	
IT	2015	4	24							0	Apple Watch発売	西尾								
セキュリティ	2012	10	？							1	不正送金ウイルスが蔓延		中山	1？（それっぽいのはPiyologまとめ（https://piyolog.hatenadiary.jp/entry/20121102/1351835935）しか見当たらず、左記：「例えば、フィッシングによるインターネットバンキングの不正送金やウイルスに感染したことによるパソコンの不正利用といった被害が一般のインターネット利用者にも発生しています。」とあります）		https://www.ipa.go.jp/security/fy24/reports/ishiki/index.html				
セキュリティ	2012	6			2021	9				1	遠隔操作ウィルス事件発生	高橋・小屋	中山			https://ja.wikipedia.org/wiki/%E3%83%91%E3%82%BD%E3%82%B3%E3%83%B3%E9%81%A0%E9%9A%94%E6%93%8D%E4%BD%9C%E4%BA%8B%E4%BB%B6				
セキュリティ	2012									1	Zeus上陸(Game Over Zeus)	高橋	中山	1		https://eset-info.canon-its.jp/files/user/malware_info/images/ranking/pdf/Banking_Malware_Report_2018.pdf				
セキュリティ	2012	12								0	ISPのWebメールをかたるフィッシング(2012/12)	河本				https://www.ocn.ne.jp/info/rules/phishing/	※JPCERT/CCより			
セキュリティ	2012	10								1	citadelによる第二認証情報詐取(2012/10)	河本	中山	1		https://www.antiphishing.jp/news/alert/20121029.html	※JPCERT/CCより			
セキュリティ	2012	3								0	DNS 設定を書き換えるマルウエア (DNS Changer)(2012/3)	河本				https://www.jpcert.or.jp/at/2012/at120008.html	※JPCERT/CCより			
セキュリティ	2013	2								1	遠隔操作ウイルス事件被疑者逮捕	西尾・小屋・河本	中山	1：https://ja.wikipedia.org/wiki/%E3%83%91%E3%82%BD%E3%82%B3%E3%83%B3%E9%81%A0%E9%9A%94%E6%93%8D%E4%BD%9C%E4%BA%8B%E4%BB%B6		https://atmarkit.itmedia.co.jp/ait/articles/1406/09/news013.html				
セキュリティ	2013	5								1	Yahoo!JAPAN、不正アクセスにより最大2200万件の情報漏洩	小屋	中山	1		https://xtech.nikkei.com/it/article/NEWS/20130518/477761/				
セキュリティ	2013	7								0	Apache Strutsの脆弱性をついた攻撃急増	西尾								
セキュリティ	2013	8	1							1	IPAがリスト型攻撃増加について注意喚起	唐沢	中山	1	リスト型攻撃が増加 or IPAがリスト型攻撃増加の注意喚起	https://www.ipa.go.jp/security/txt/2013/08outline.html				
セキュリティ	2013	10	1							1	ISO/IEC27001:2013発行	西尾	中山	1		https://www.jipdec.or.jp/project/smpo/u71kba000000jjgv-att/27000family_20131212.pdf				
セキュリティ	2013	10								1	シルクロード運営者逮捕（ダークネット・マーケット）	高橋	中山	1		https://ja.wikipedia.org/wiki/%E3%83%AD%E3%82%B9%E3%83%BB%E3%82%A6%E3%83%AB%E3%83%96%E3%83%AA%E3%83%92%E3%83%88				
セキュリティ	2013									1	Open DNS（消しますか）	高橋	中山	？（左記に年代ごとの動向はありますが。。。）		https://ja.wikipedia.org/wiki/OpenDNS				
セキュリティ	2013	3								0	Microsoft Graphics Component 未修正の脆弱性を悪用する標的型攻撃が発生(2013/11)	河本				https://www.jpcert.or.jp/at/2013/at130044.html	※JPCERT/CCより			
セキュリティ	2013	7								1	Apache Struts の脆弱性を使用した攻撃が急増	河本	持田	1		https://www.jpcert.or.jp/at/2013/at130033.html	※JPCERT/CCより			
セキュリティ	2013	6								0	改ざんされた Web サイトの閲覧により、PC がマルウエアに感染が急増(2013/6)	河本				https://www.jpcert.or.jp/at/2013/at130027.html	※JPCERT/CCより			
政府機関	2005									0	「個人情報の保護に関する法律」全面施行	永野								
政府機関	2007	5	14							0	国民投票法成立	西尾								
政府機関	2008	7	7							0	洞爺湖サミット	西尾								
政府機関	2010	1	1							1	日本年金機構発足	丸山	唐沢	ok		https://ja.wikipedia.org/wiki/%E6%97%A5%E6%9C%AC%E5%B9%B4%E9%87%91%E6%A9%9F%E6%A7%8B			1	
政府機関	2011	7	14							1	「情報処理の高度化等に対処するための刑法等の一部を改正する法律」（ウイルス作成罪）の施行	唐沢	唐沢	ok		https://ja.wikipedia.org/wiki/%E6%83%85%E5%A0%B1%E5%87%A6%E7%90%86%E3%81%AE%E9%AB%98%E5%BA%A6%E5%8C%96%E7%AD%89%E3%81%AB%E5%AF%BE%E5%87%A6%E3%81%99%E3%82%8B%E3%81%9F%E3%82%81%E3%81%AE%E5%88%91%E6%B3%95%E7%AD%89%E3%81%AE%E4%B8%80%E9%83%A8%E3%82%92%E6%94%B9%E6%AD%A3%E3%81%99%E3%82%8B%E6%B3%95%E5%BE%8B				
政府機関	2012	3	31							1	「不正アクセス行為の禁止等に関する法律」改正	唐沢	唐沢			https://www.shugiin.go.jp/internet/itdb_housei.nsf/html/housei/18020120331012.htm				
政府機関	2013	5	24							1	マイナンバー法成立	西尾	唐沢			https://www.keidanren.or.jp/policy/2015/116_shiryo1.pdf	https://www.digital.go.jp/policies/mynumber/			
政府機関	2013	12	6							1	特定秘密保護法成立	西尾	唐沢			https://www.nichibenren.or.jp/activity/human/complicity_secret/secret/about.html				
世の中	2016	11	8							1	アメリカ大統領選挙はドナルド・トランプ氏が勝利	唐沢	小屋			https://ja.wikipedia.org/wiki/2016%E5%B9%B4%E3%82%A2%E3%83%A1%E3%83%AA%E3%82%AB%E5%90%88%E8%A1%86%E5%9B%BD%E5%A4%A7%E7%B5%B1%E9%A0%98%E9%81%B8%E6%8C%99			1	
世の中	2016	12	1							0	新元素「ニホニウム」決定	大徳							0	
世の中	2016	4	3							1	パナマ文書	高橋	小屋			https://ja.wikipedia.org/wiki/%E3%83%91%E3%83%8A%E3%83%9E%E6%96%87%E6%9B%B8			1	
世の中	2016	1	6							0	北朝鮮核問題	高橋				https://ja.wikipedia.org/wiki/%E5%8C%97%E6%9C%9D%E9%AE%AE%E6%A0%B8%E5%95%8F%E9%A1%8C#2016%E5%B9%B4			0	
世の中	2016	2	4							0	TPP 環太平洋パートナーシップ協定 署名（未発効）	高橋				https://ja.wikipedia.org/wiki/%E7%92%B0%E5%A4%AA%E5%B9%B3%E6%B4%8B%E3%83%91%E3%83%BC%E3%83%88%E3%83%8A%E3%83%BC%E3%82%B7%E3%83%83%E3%83%97%E5%8D%94%E5%AE%9A			0	
IT	2015	7	29							1	MS Windows10発売	西尾	伊藤	1		https://en.wikipedia.org/wiki/Windows_10				
IT	2015	9	3							0	Google、定額制音楽配信サービスの国内提供開始	大徳								
IT	2015	10	6							0	シャープ、人型ロボット携帯電話RoBoHoNを発表	大徳								
IT	2015	12	25							0	任天堂、携帯型ゲーム機ニンテンドー2DSを日本で発売	大徳								
IT	2015	9								0	IPv4アドレスの枯渇	冨田								
IT	2015	5	1							0	SIMロック解除義務化	冨田								
IT	2016	3	9							1	Google開発の囲碁AI「AlphaGo」がプロ棋士に勝利	大徳	伊藤	?		https://ja.wikipedia.org/wiki/AlphaGo#:~:text=AlphaGo%EF%BC%88%E3%82%A2%E3%83%AB%E3%83%95%E3%82%A1%E7%A2%81%E3%80%81%E3%82%A2%E3%83%AB%E3%83%95%E3%82%A1%E3%81%94,%E5%9B%B2%E7%A2%81%E3%83%97%E3%83%AD%E3%82%B0%E3%83%A9%E3%83%A0%E3%81%A8%E3%81%AA%E3%81%A3%　E3%81%9F%E3%80%82 	https://www.itmedia.co.jp/news/articles/1603/09/news142.html#:~:text=%E7%B1%B3Google%E3%81%8C%E9%96%8B%E7%99%BA%E3%81%99%E3%82%8B,%E5%88%86%E3%82%92%E6%AE%8B%E3%81%97%E3%81%A6%E3%81%84%E3%81%9F%E3%80%82　https://wired.jp/2017/05/24/revamped-alphago-wins-first-game-chinese-go-grandmaster/			
セキュリティ	2013	4								0	外部からの再帰的な問い合わせを許可している DNS キャッシュサーバを使用したDNS アンプ攻撃が発生(2013/4)	河本				https://www.jpcert.or.jp/at/2013/at130022.html	※JPCERT/CCより			
セキュリティ	2013	2								0	遠隔操作ウィルス事件（2013/2）	河本				http://ja.wikipedia.org/wiki/パソコン遠隔操作事件	※JPCERT/CCより			
セキュリティ	2014	2	25							1	仮想通貨取引所Mt.Goxが取引の全面停止	小屋	持田	1		https://jp.reuters.com/article/l3n0lu49f-mt-gox-website-says-all-idJPTJEA1O01820140226				
セキュリティ	2014	4								1	Heart Bleedによる情報漏えいの脆弱性	西尾	持田	1		https://eset-info.canon-its.jp/malware_info/term/detail/00041.html				
セキュリティ	2014	4	25							1	JASA-クラウドセキュリティ推進協議会発足	西尾	持田	1		https://xtech.nikkei.com/it/article/NEWS/20130425/473763/				
セキュリティ	2014	7	9							1	ベネッセの個人情報漏洩	小屋	持田	1		https://www.nikkei.com/article/DGXNASDZ09082_Z00C14A7000000/				
セキュリティ	2014	8	31							1	iCloudで海外セレブの写真やセルフポートレート流出	小屋	持田	1		https://news.mynavi.jp/article/20140903-iphone_why3/				
セキュリティ	2014	9								1	インターネットバンキング不正送金による法人名義口座の被害が拡大	西尾	持田	1		https://xtech.nikkei.com/it/atcl/esi/14/527563/092500002/				
セキュリティ	2014	7								0	Struts/WordPressの脆弱性に対する攻撃	高橋				https://www.ipa.go.jp/security/ciadr/vul/20140417-struts.html				
セキュリティ	2014	4	1							1	OpenSSLの脆弱性「Heartblead」	高橋	持田	1		https://ja.wikipedia.org/wiki/%E3%83%8F%E3%83%BC%E3%83%88%E3%83%96%E3%83%AA%E3%83%BC%E3%83%89				
セキュリティ	2014	9	25							1	JPCERT/CCがGNU bash の脆弱性に関する注意喚起	高橋	持田	1	JPCERT/CCがGNU bash の脆弱性に関する注意喚起	https://www.jpcert.or.jp/at/2014/at140037.html				
セキュリティ	2013	12	19							1	Targetの情報流出、POS端末のマルウェアが原因	高橋	持田	1		https://www.itmedia.co.jp/enterprise/articles/1401/14/news057.html				
セキュリティ	2014	7	9							0	ベネッセ個人情報流出事件	高橋				https://ja.wikipedia.org/wiki/%E3%83%99%E3%83%8D%E3%83%83%E3%82%BB%E5%80%8B%E4%BA%BA%E6%83%85%E5%A0%B1%E6%B5%81%E5%87%BA%E4%BA%8B%E4%BB%B6				
セキュリティ	2014	11	13							1	日本サイバー犯罪対策センター（JC3）発足	高橋	持田	1	日本サイバー犯罪対策センター（JC3）発足	https://www.jc3.or.jp/news/2014/20141113-153.html#:~:text=%E3%81%93%E3%81%AE%E3%81%9F%E3%81%B3%E3%80%81%E6%97%A5%E6%9C%AC%E7%89%88%20NCFTA,%E3%82%92%E9%96%8B%E5%A7%8B%E3%81%84%E3%81%9F%E3%81%97%E3%81%BE%E3%81%97%E3%81%9F%E3%80%82				
セキュリティ	2014	7	17							0	ベネッセコーポレーションの情報漏えい事件の容疑者逮捕	河本								
セキュリティ	2014	12								1	ドメイン管理者アカウントの不正使用による標的型攻撃が多発	河本	持田	1	・・・標的型攻撃が多発？	https://www.jpcert.or.jp/at/2014/at140054.html	※JPCERT/CCより			
政府機関	2014	3	26							1	自衛隊、サイバー防衛隊新規編成	小屋	唐沢			https://ja.wikipedia.org/wiki/%E8%87%AA%E8%A1%9B%E9%9A%8A%E3%82%B5%E3%82%A4%E3%83%90%E3%83%BC%E9%98%B2%E8%A1%9B%E9%9A%8A				
政府機関	2014	11	6							1	サイバーセキュリティ基本法成立	西尾	唐沢			https://ja.wikipedia.org/wiki/%E3%82%B5%E3%82%A4%E3%83%90%E3%83%BC%E3%82%BB%E3%82%AD%E3%83%A5%E3%83%AA%E3%83%86%E3%82%A3%E5%9F%BA%E6%9C%AC%E6%B3%95				
政府機関	2014	11	13							1	日本サイバー犯罪対策センター（JC3）設立	唐沢	唐沢			https://www.jc3.or.jp/news/2014/20141113-153.html				
政府機関	2015	1								1	内閣サイバーセキュリティセンター（NISC）に改組	西尾	唐沢			https://ja.wikipedia.org/wiki/%E5%86%85%E9%96%A3%E3%82%B5%E3%82%A4%E3%83%90%E3%83%BC%E3%82%BB%E3%82%AD%E3%83%A5%E3%83%AA%E3%83%86%E3%82%A3%E3%82%BB%E3%83%B3%E3%82%BF%E3%83%BC				
政府機関	2015	9	4							1	サイバーセキュリティ戦略閣議決定	西尾	唐沢			https://www.nisc.go.jp/pdf/policy/kihon-s/cs-senryaku-c.pdf				
政府機関	2015	9	19							1	安全保障関連法成立	西尾	唐沢			https://www.cas.go.jp/jp/gaiyou/jimu/housei_seibi.html#:~:text=%E5%B9%B3%E6%88%90%EF%BC%92%EF%BC%97%E5%B9%B4%EF%BC%99%E6%9C%88,%E3%81%8C%E6%96%BD%E8%A1%8C%E3%81%95%E3%82%8C%E3%81%BE%E3%81%97%E3%81%9F%E3%80%82				
政府機関	2015	4								1	インターポール、サイバー犯罪対策拠点としてシンガポールにIGCI設立	小屋	唐沢							
世の中	2016	4	14							0	熊本地震	高橋				https://ja.wikipedia.org/wiki/%E7%86%8A%E6%9C%AC%E5%9C%B0%E9%9C%87_(2016%E5%B9%B4)			0	
世の中	2016	5	26							0	伊勢志摩サミット開催	冨田							0	
世の中	2017	6	26							0	タカタ破綻	大徳							0	
世の中	2017	9	18							0	豊田真由子議員暴言問題、謝罪会見	大徳							0	
世の中	2017	12	8							0	地質年代にチバニアン	大徳							0	
IT	2016	11	2							0	Adobeが人工知能「Adobe Sensei」を発表	大徳								
IT	2016	12								1	WELQ騒動	大徳	伊藤	1		https://www.weblio.jp/content/WELQ%E9%A8%92%E5%8B%95#:~:text=WELQ%E9%A8%92%E5%8B%95%E3%81%AF2016%E5%B9%B4,%E5%8F%96%E3%82%8A%E4%B8%8A%E3%81%92%E3%82%89%E3%82%8C%E3%82%8B%E3%81%AB%E8%87%B3%E3%81%A3%E3%81%A6%E3%81%84%E3%82%8B%E3%80%82 https://www.sophia-it.com/content/WELQ%E9%A8%92%E5%8B%95 https://xtech.nikkei.com/it/atcl/column/14/346926/011700777/				
IT	2016	12	5							0	Amazon Dash Button日本上陸	大徳								
IT	2016	12	14							0	「俺の嫁」召喚装置が発売	大徳								
IT	2016	9	16							0	Apple、iPhone7でSuicaに対応した日本限定版を発売	冨田								
セキュリティ	2014	11								1	警視庁などが、違法入手した基本ソフト(OS)使用の疑いでプロキシサーバー業者10人以上を逮捕	河本	持田	1		https://internet.watch.impress.co.jp/docs/news/676877.html	※JPCERT/CCより			
セキュリティ	2014	11								1	JPCERT/CCがドメイン名ハイジャックに関する注意喚起	河本	持田	1	JPCERT/CCがドメイン名ハイジャックに関する注意喚起	https://www.jpcert.or.jp/at/2014/at140044.html	※JPCERT/CCより			
セキュリティ	2014	9								0	リモートからOSコマンドを実行可能な脆弱性を利用した攻撃の急増(2014/9)	河本				https://www.jpcert.or.jp/at/2014/at140037.html	※JPCERT/CCより			
セキュリティ	2014	9								0	パスワードリスト攻撃による不正ログイン多発(2014/09)	河本				https://www.jpcert.or.jp/pr/2014/pr140004.html	※JPCERT/CCより			
セキュリティ	2014	9								0	インターネットバンキング不正送金が法人名義口座の被害が拡大(2014/9)	河本				https://www.npa.go.jp/cyber/pdf/H260904_banking.pdf	※JPCERT/CCより			
セキュリティ	2014	7								0	内部犯行による大規模情報流出(2014/07)	河本				http://www.ipa.go.jp/security/fy24/reports/insider/index.html	※JPCERT/CCより			
セキュリティ	2014	6								0	CDNサービスへの攻撃によるWeb改ざんの発生(2014/06)	河本				http://scan.netsecurity.ne.jp/article/2014/07/01/34457.html	※JPCERT/CCより			
セキュリティ	2014	4								1	JPCERT/CCがDNS キャッシュポイズニング攻撃に関する注意喚起	河本	持田	1	JPCERT/CCがDNS キャッシュポイズニング攻撃に関する注意喚起	https://www.jpcert.or.jp/at/2014/at140016.html	※JPCERT/CCより			
セキュリティ	2014	4								0	Heart Bleed：OpenSSL heartbeat拡張による情報漏えいの脆弱性(2014/04)	河本				https://www.jpcert.or.jp/at/2014/at140013.html	※JPCERT/CCより			
セキュリティ	2014	3								1	JPCERT/CCがMicrosoft Word の未修正の脆弱性に関する注意喚起	河本	持田	1	JPCERT/CCがMicrosoft Word の未修正の脆弱性に関する注意喚起	https://www.jpcert.or.jp/at/2014/at140012.html	※JPCERT/CCより			
セキュリティ	2014	2								1	JPCERT/CCが広告から誘導される国内金融機関を装ったフィッシングサイト多発を報告	河本	持田	1	JPCERT/CCが広告から誘導される国内金融機関を装ったフィッシングサイト多発を報告	https://www.jpcert.or.jp/pr/2014/IR_Report20140415.pdf	※JPCERT/CCより			
セキュリティ	2014	2								0	Microsoft Internet Exploreの脆弱性を利用した標的型攻撃(2014/02)	河本				https://www.jpcert.or.jp/at/2014/at140009.html	※JPCERT/CCより			
セキュリティ	2014	1								1	ソフトウエアの自動アップデート機能を利用した標的型攻撃(2014/01)	河本	持田	1		http://www.nikkei.com/article/DGXBZO67412470W4A220C1000000/	※JPCERT/CCより			
セキュリティ	2014	1								1	JPCERT/CCがntpd の monlist 機能を使った DDoS 攻撃に関する注意喚起	河本	持田	1	JPCERT/CCがntpd の monlist 機能を使った DDoS 攻撃に関する注意喚起	https://www.jpcert.or.jp/at/2014/at140001.html	※JPCERT/CCより			
セキュリティ	2015	6	1							1	日本年金機構における不正アクセスによる情報流出事案発生	唐沢	持田	1	日本年金機構における不正アクセスによる情報流出事案発生	https://www.kantei.go.jp/jp/pages/nenkin_fusei_access.html				
セキュリティ	2015	5	12							1	初代CISO補佐官 山口英氏逝去	唐沢	持田	1		https://www.jpcert.or.jp/about/2016/PR20160512R.html				
セキュリティ	2015	9	25							1	ベネッセ個人情報漏えい事故の調査報告書を公表	唐沢	持田	1		https://blog.benesse.ne.jp/bh/ja/news/m/2014/09/25/docs/20140925%E3%83%AA%E3%83%AA%E3%83%BC%E3%82%B9.pdf				
政府機関	2015	10								1	マイナンバー通知開始	西尾	唐沢			https://www.soumu.go.jp/kojinbango_card/02.html				
政府機関	2015	12	28							1	サイバーセキュリティ経営ガイドライン Ver1.0公開	唐沢	唐沢			https://www.meti.go.jp/policy/netsecurity/mng_guide.html	https://ja.wikipedia.org/wiki/%E6%83%85%E5%A0%B1%E5%87%A6%E7%90%86%E5%AE%89%E5%85%A8%E7%A2%BA%E4%BF%9D%E6%94%AF%E6%8F%B4%E5%A3%AB			
政府機関	2016	10	24							1	ＩＰＡ新設国家資格「情報処理安全確保支援士」の初回申請受付を開始 ～セキュリティ人材不足の切り札となるか～　	唐沢	唐沢			https://internet.watch.impress.co.jp/docs/news/1026412.html				
政府機関	2016	1								1	個人情報保護委員会発足	冨田	唐沢			https://ja.wikipedia.org/wiki/%E5%80%8B%E4%BA%BA%E6%83%85%E5%A0%B1%E4%BF%9D%E8%AD%B7%E5%A7%94%E5%93%A1%E4%BC%9A				
政府機関	2017	5	30							0	改正個人情報保護法施行	唐沢								
政府機関	2018	12								0	サイバーセキュリティ法案	水口				https://www.jpcert.or.jp/magazine/chronology/				
世の中	2017	12	10							0	大谷翔平、ロサンゼルス・エンゼルス入団会見	大徳							0	
世の中	2017	12	17							1	ウクライナ停電（サイバー攻撃？）	高橋	小屋			https://www.bbc.com/news/technology-38573074			1	
世の中	2018	3								0	財務省公文書改竄	水口				https://www.jnsa.org/active/news10/2018.html			0	
IT	2017	9	12							0	Apple、iPhone X発表	大徳								
IT	2018	10								0	東証障害	水口				https://www.jnsa.org/active/news10/2018.html				
IT	2018	12								0	ソフトバンク障害	水口				https://www.jpcert.or.jp/magazine/chronology/				
セキュリティ	2015	5								1	ランサムウェアによる被害多数（要エビデンス？）	西尾	持田	今でもさらに被害拡大中。この年に被害が拡大したのか不明？						
セキュリティ	2015	12								1	日本発のクラウドセキュリティ認証　ISO/IEC27017:2015が発行される	西尾	持田	1		https://scan.netsecurity.ne.jp/article/2016/07/21/38740.html				
セキュリティ	2014	11	24							0	ソニー・ピクチャーズエンタテインメント（SPE）へのサイバー攻撃	高橋				https://ja.wikipedia.org/wiki/%E3%82%BD%E3%83%8B%E3%83%BC%E3%83%BB%E3%83%94%E3%82%AF%E3%83%81%E3%83%A3%E3%83%BC%E3%82%BA%E3%83%BB%E3%82%A8%E3%83%B3%E3%82%BF%E3%83%86%E3%82%A4%E3%83%B3%E3%83%A1%E3%83%B3%E3%83%88%E3%81%B8%E3%81%AE%E3%83%8F%E3%83%83%E3%82%AD%E3%83%B3%E3%82%B0%E4%BA%8B%E4%BB%B6				
政府機関	2018	7								0	IR法案	水口				https://www.jpcert.or.jp/magazine/chronology/				
セキュリティ	2015	5	8							0	日本年金管理へのサイバー攻撃	高橋				https://ja.wikipedia.org/wiki/%E5%B9%B4%E9%87%91%E7%AE%A1%E7%90%86%E3%82%B7%E3%82%B9%E3%83%86%E3%83%A0%E3%82%B5%E3%82%A4%E3%83%90%E3%83%BC%E6%94%BB%E6%92%83%E5%95%8F%E9%A1%8C				
セキュリティ	2015	11	19							0	警視庁がプロキシ業者摘発	高橋				https://internet.watch.impress.co.jp/docs/news/676877.html				
セキュリティ	2015	7	15							1	走行中のジープのハッキングに成功	高橋	持田	1		https://blog.kaspersky.co.jp/remote-car-hack/8332/				
セキュリティ	2016	10	14							1	US-CERTが、Mirai BotによるDDoS攻撃に関する注意喚起	唐沢	冨田	1		https://www.jpcert.or.jp/tips/2016/wr164101.html				
世の中	2018	4								0	サプライチェーンリスク	水口				https://www.jnsa.org/active/news10/2018.html			0	
IT	2018	12								1	ファーウェイ問題	水口	伊藤	?		https://www.jpcert.or.jp/magazine/chronology/ https://www.nikkei.com/article/DGXMZO38925110U8A211C1EA2000/				
世の中	2018	6								0	Wi-Fi Allience	水口				https://www.jpcert.or.jp/magazine/chronology/			0	
政府機関	2019	2	20							1	政府のIoT機器“侵入調査”｢NOTICE｣開始	唐沢	唐沢			https://www.itmedia.co.jp/news/articles/2009/11/news108.html#:~:text=NOTICE%E3%81%AF2019%E5%B9%B42,NICT%EF%BC%89%E3%81%8C%E8%A1%8C%E3%81%A3%E3%81%A6%E3%81%84%E3%82%8B%E3%80%82	https://www.nict.go.jp/press/2019/02/01-1.html			
セキュリティ	2016	11	28							0	防衛省にサイバー攻撃報道	大徳								
IT	2019	10	9							0	東証システム障害	唐沢								
セキュリティ	2016	12	1							1	世界各国の警察機関の連携により巨大ボットネットインフラAvalanche botnetが解体	大徳	持田	1		https://rannsamuweaproject.nikkeibp.co.jp/idg/atcl/idg/14/481542/120500305/?ST=idg-cm-cloud&P=2				
セキュリティ	2016	12	22							1	資産管理ソフトウェアの脆弱性を悪用した攻撃を観測	大徳	持田	1		https://internet.watch.impress.co.jp/docs/news/1036478.html				
セキュリティ	2016	2	17							0	glibc ライブラリのリモートエクスプロイトの脆弱性	高橋				https://www.jpcert.or.jp/at/2016/at160009.html				
政府機関	2019	2								0	IoT機器侵入調査NOTICE開始	水口				https://www.jnsa.org/active/news10/2019.html				
セキュリティ	2016	2	10							1	CS-Goldmark　（27017とどちらを残すか、合体するか）	高橋	持田	2014年にはJASA-クラウドセキュリティ推進協議会発足もあるが残すのか？		https://www.security-next.com/066848				
セキュリティ	2016	6	14							1	JTBが標的型攻撃により793万人分個人情報漏洩	冨田	持田	1	JTBが標的型攻撃により793万人分個人情報漏洩	https://cybersecurity-jp.com/column/9271				
セキュリティ	2017	5	14							1	IPAがランサムウェア「WannaCry」に関する注意喚起を発表	唐沢	冨田	1		https://www.ipa.go.jp/security/ciadr/vul/20170514-ransomware.html				
セキュリティ	2017	10	31							1	セキュリティ会社員がウイルス保管容疑で逮捕	唐沢	冨田	1		https://www.jnsa.org/active/news10/2017.html https://www.dit.co.jp/news/archive/2017/1101.html				
セキュリティ	2017	12	10							1	日本航空がビジネスメール詐欺（BEC）の被害を発表	大徳	冨田	1		https://www.yomiuri.co.jp/fukayomi/20180109-OYT8T50178/				
セキュリティ	2017	12	18							1	米政府がランサムウェア「WannaCry」は北朝鮮関与と断定	大徳	冨田	1		https://www.itmedia.co.jp/enterprise/articles/1712/20/news066.html https://www.wsj.com/articles/its-official-north-korea-is-behind-wannacry-1513642537				
セキュリティ	2016	8								0	MIRAI、IoTデバイスを狙ったマルウエア	高橋				https://ja.wikipedia.org/wiki/Mirai_(%E3%83%9E%E3%83%AB%E3%82%A6%E3%82%A7%E3%82%A2)				
セキュリティ	2016	9								0	OpeｎSSL リモートエクスプロイトの脆弱性	高橋				https://www.jpcert.or.jp/at/2016/at160038.html				
セキュリティ	2017	3								0	Struts2リモートエクスプロイトの脆弱性	高橋				https://www.jpcert.or.jp/at/2017/at170009.html				
世の中	2018	2								1	平昌オリンピック開催	水口	小屋			https://www.jpcert.or.jp/magazine/chronology/			1	
セキュリティ	2017	3	10							1	Struts2脆弱性でGMOペイメント情報漏えい被害(東京都、住宅金融支援機構、JETRO等）	冨田	持田	1		https://xtech.nikkei.com/it/atcl/column/14/346926/052200980/				
世の中	2019	5								1	年号「令和」	水口	小屋			https://www.jpcert.or.jp/magazine/chronology/			1	
IT	2019	8								1	AWS障害	水口	伊藤	？		https://www.jpcert.or.jp/magazine/chronology/ https://downdetector.jp/shougai/aws-amazon-web-services/ https://it.impress.co.jp/articles/-/18531#:~:text=%E3%82%92%E3%81%8A%E4%BC%9D%E3%81%88%E3%81%99%E3%82%8B%E3%80%82-,AWS%E6%9D%B1%E4%BA%AC%E3%83%AA%E3%83%BC%E3%82%B8%E3%83%A7%E3%83%B3%E3%81%A7%E5%A4%A7%E8%A6%8F%E6%A8%A1%E9%9A%9C%E5%AE%B3%E3%81%8C%E7%99%BA%E7%94%9F,6%E6%99%82%E9%96%93%E3%81%BB%E3%81%A9%E5%81%9C%E6%AD%A2%E3%81%97%E3%81%9F%E3%80%82				
セキュリティ	2017	8	24							0	JALでビジネスメール詐欺（BEC）被害発生	冨田				https://piyolog.hatenadiary.jp/entry/20171220/1513795615				
セキュリティ	2018	6	14							1	Coinhive等のマイニングツール設置で16人が逮捕・書類送検	唐沢	永野			https://piyolog.hatenadiary.jp/entry/20180615/1529094423				
セキュリティ	2017	5	12							0	WannaCry ランサムウエアによる世界的な被害と国家関与の疑い	高橋				https://ja.wikipedia.org/wiki/WannaCry				
IT	2019	8								0	AI顔認証	水口				https://www.jnsa.org/active/news10/2019.html				
セキュリティ	2018	5	25							1	GDPR：EU一般データ保護規則施行	高橋	永野		EU域内の個人データ保護を規定する法「GDPR」施行開始	https://ja.wikipedia.org/wiki/EU%E4%B8%80%E8%88%AC%E3%83%87%E3%83%BC%E3%82%BF%E4%BF%9D%E8%AD%B7%E8%A6%8F%E5%89%87				
世の中	2019	8								1	リクナビ内定辞退率販売	水口	小屋			https://www.jnsa.org/active/news10/2019.html			1	
セキュリティ	2018	3								1	パスワード更新ルール	水口	永野		総務省がパスワード定期的変更の指針を方向転換？	https://www.jnsa.org/active/news10/2018.html				
セキュリティ	2018	1								1	コインチェック580億流出	水口	永野		コインチェックがハッキングにより580億の仮想通貨を流出（コインチェック事件）	https://www.jpcert.or.jp/magazine/chronology/				
セキュリティ	2018	6								0	マイニングツール逮捕者	水口				https://www.jnsa.org/active/news10/2018.html				
世の中	2019	10								1	米海軍TikTok利用禁止	水口	小屋			https://japan.cnet.com/article/35147233/			1	
政府機関	2019	11								0	ICT-ISAC	水口				https://scan.netsecurity.ne.jp/article/2019/11/12/43218.html				
IT	2019	7								1	日本IT団体連盟、情報銀行 P認定開始	水口	伊藤	?		https://www.dir.co.jp/report/research/capital-mkt/it/20190725_020925.pdf https://www.itrenmei.jp/topics/2021/3686/				
世の中	2019	7								0	京都アニメーション放火	水口				https://www.yomiuri.co.jp/feature/top10news/20191220-OYT8T50125/			0	
セキュリティ	2018	7								0	日本語BEC着弾	水口				https://www.jnsa.org/active/news10/2018.html				
政府機関	2020	6	12							1	ISMAP運用開始	唐沢	唐沢			https://www.nisc.go.jp/policy/group/general/ismap.html#:~:text=ISMAP%E3%81%AF%E3%80%812021%E5%B9%B4%EF%BC%93,%E5%88%A9%E7%94%A8%E3%82%92%E9%96%8B%E5%A7%8B%E3%81%97%E3%81%BE%E3%81%97%E3%81%9F%E3%80%82				
セキュリティ	2018	12								1	仮想通貨脅迫メール	水口	永野		JPCERT/CCが仮想通貨脅迫メールに関する注意喚起	https://www.jpcert.or.jp/newsflash/2018080201.html				
セキュリティ	2018	5								1	VPNFilter	水口	永野		JPCERT/CCがマルウェア「VPNFilter」に関する注意喚起	https://www.jpcert.or.jp/newsflash/2018052401.html				
セキュリティ	2018	4								0	パスワードスプレー攻撃	水口				https://www.jpcert.or.jp/magazine/chronology/				
IT	2019	8								1	デジタルプラットフォーマー規制が議論されはじめる	水口	伊藤	？		https://toyokeizai.net/articles/-/271016 https://www.icr.co.jp/newsletter/wtr378-20200929-kamino.html https://www.meti.go.jp/meti_lib/report/H29FY/000643.pdf				
IT	2020	10	1							0	東証システム障害で終日売買停止	唐沢								
セキュリティ	2018	12								1	APT10に関する外務省談話	水口	永野		「APT10」によるサイバー攻撃に関する外務省談話	https://www.mofa.go.jp/mofaj/press/danwa/page4_004594.html				
世の中	2019	10								0	天皇陛下即位	水口				https://www.jijiphoto.jp/ext/news/year/2019/			0	
世の中	2020	4	7							1	新型コロナウイルス感染症　七都府県に緊急事態宣言	唐沢	小屋			https://www3.nhk.or.jp/news/html/20200407/k10012373011000.html			1	
セキュリティ	2018	4								1	Facebook個人情報流出	水口	永野		米Facebookは8700万人の個人情報流出を発表	https://www.jnsa.org/active/news10/2018.html				
セキュリティ	2018	10								1	海賊版サイト（漫画村）ブロッキング	水口	永野		政府が海賊版サイト「漫画村」をブロッキング	https://www.jnsa.org/active/news10/2019.html				
世の中	2020	3								0	Zoom荒らし	水口				https://www.jpcert.or.jp/magazine/chronology/index.html			0	
政府機関	2018	5								1	IoTセキュリティ懸念	水口	唐沢			https://www.jnsa.org/active/news10/2018.html				
世の中	2020	9								0	菅内閣発足	水口				https://www.jpcert.or.jp/magazine/chronology/index.html			0	
世の中	2020	4								0	コロナウィルス緊急事態宣言	水口				https://www.jpcert.or.jp/magazine/chronology/index.html			0	
セキュリティ	2018	10								0	JAL BEC被害	水口				https://scan.netsecurity.ne.jp/article/2018/12/12/41722.html				
IT	2020	8								0	NZ証券システム障害	水口				https://www.jpcert.or.jp/magazine/chronology/index.html				
セキュリティ	2018	5								1	世界最大DDoS請負サイト閉鎖	水口	永野			https://scan.netsecurity.ne.jp/article/2018/05/09/40900.html				
セキュリティ	2018	2								1	ATMハッキングジャックポッティング	水口	永野		ATMから現金を奪う「ジャックポッティング」攻撃、米国に拡大	https://scan.netsecurity.ne.jp/article/2018/02/16/40607.html				
政府機関	2020	9								0	デジタル庁	水口				https://www.jnsa.org/active/news10/2021.html				
IT	2020	10								0	東証障害再発	水口				https://www.jnsa.org/active/news10/2022.html				
セキュリティ	2018	7								0	佐川急便フィッシング	水口				https://www.jpcert.or.jp/magazine/chronology/				
政府機関	2020	6								0	ISMAP運用開始	水口				https://www.jnsa.org/active/news10/2020.html				
セキュリティ	2018	12								1	性的脅迫（セクストーション）詐欺メール被害	水口	永野		詐欺が初めて起きたのがこの年なのか、多発したのか？	https://scan.netsecurity.ne.jp/article/2018/12/03/41684.html				
政府機関	2020	11								0	経産省IoT-SSF策定	水口				https://www.jnsa.org/active/news10/2020.html				
IT	2020	10	13							1	Windows7,Office2010 サポート終了	水口	伊藤	1		https://www.ipa.go.jp/security/announce/win7_eos.html https://support.microsoft.com/ja-jp/office/office-2010-%E3%81%AE%E3%82%B5%E3%83%9D%E3%83%BC%E3%83%88%E3%81%AE%E7%B5%82%E4%BA%86-3a3e45de-51ac-4944-b2ba-c2e415432789#:~:text=Office%202010%20%E3%81%AE%E3%82%B5%E3%83%9D%E3%83%BC%E3%83%88%E3%81%AF,%E3%82%BB%E3%82%AD%E3%83%A5%E3%83%AA%E3%83%86%E3%82%A3%E6%9B%B4%E6%96%B0%E3%83%97%E3%83%AD%E3%82%B0%E3%83%A9%E3%83%A0%E3%81%AF%E3%81%82%E3%82%8A%E3%81%BE%E3%81%9B%E3%82%93%E3%80%82				
セキュリティ	2018	6								0	「アラート：あなたのアカウントは閉鎖されます」フィッシングメール	水口				https://scan.netsecurity.ne.jp/article/2018/12/12/41722.html				
セキュリティ	2018	2								1	EternalBlue,Doublepulsar	水口	永野		攻撃ツール『Eternalblue』を悪用した攻撃と考えられるアクセスの観測を警察庁が発表	https://scan.netsecurity.ne.jp/article/2017/05/17/39750.html				
セキュリティ	2019	7	29							1	米銀Capital OneでCloudから大量個人情報漏洩	唐沢	永野			https://piyolog.hatenadiary.jp/entry/2019/08/06/062154				
セキュリティ	2019	8	1							1	7Pay、不正アクセス被害を受け一ヶ月でサービス廃止を発表	唐沢	永野			https://piyolog.hatenadiary.jp/entry/2019/07/04/065925				
世の中	2020	3								0	高輪ゲートウェイ開業	水口				https://www.yomiuri.co.jp/feature/top10news/20201127-OYT8T50157/			0	
世の中	2020	11								0	米大統領バイデン確定	水口				https://www.jijiphoto.jp/ext/news/year/2020/			0	
IT	2020	3								1	スマホ５Gサービススタート	水口	伊藤	1		https://www.yomiuri.co.jp/feature/top10news/20201127-OYT8T50157/			1	
世の中	2020	4								0	あべのマスク	水口				https://www.yomiuri.co.jp/feature/top10news/20201127-OYT8T50157/			0	
政府機関	2020	11								0	サイバー・フィジカル・セキュリティ対策フレームワーク	水口				https://scan.netsecurity.ne.jp/article/2020/11/09/44793.html				
セキュリティ	2019	11								1	Emotet急増	水口	永野		マルウェア「Emotet」被害急増	https://www.jpcert.or.jp/magazine/chronology/				
世の中	2021	1								0	バイデン大統領就任	唐沢							0	
世の中	2021									1	東京オリンピック・パラリンピック	唐沢	小屋			https://ja.wikipedia.org/wiki/2020%E5%B9%B4%E6%9D%B1%E4%BA%AC%E3%82%AA%E3%83%AA%E3%83%B3%E3%83%94%E3%83%83%E3%82%AF			1	
世の中	2021	8								1	米、アフガン戦争終結	唐沢	小屋			https://www.jetro.go.jp/biznews/2021/08/5b2b1742547cff4d.html			1	
世の中	2021	10								0	岸田内閣発足	唐沢							0	
政府機関	2021	9								1	デジタル庁発足	唐沢	唐沢			https://ja.wikipedia.org/wiki/%E3%83%87%E3%82%B8%E3%82%BF%E3%83%AB%E5%BA%81				
セキュリティ	2019	10								1	不正送金被害急増	水口	永野			https://www.jpcert.or.jp/magazine/chronology/				
セキュリティ	2019	9								1	SSL VPN脆弱性	水口	永野		JPCERT/CCが複数の SSL VPN 製品の脆弱性に関する注意喚起	https://www.jpcert.or.jp/magazine/chronology/				
セキュリティ	2019	8								0	7Pay不正アクセス	水口				https://www.jnsa.org/active/news10/2019.html				
セキュリティ	2019	4								1	サイバーセキュリティ協議会	水口	永野		NISC「サイバーセキュリティ協議会」発足	https://www.jpcert.or.jp/magazine/chronology/				
セキュリティ	2019	3								0	「宅ファイル便」不正アクセス	水口				https://www.jnsa.org/active/news10/2019.html				
セキュリティ	2019	11								0	フィッシングサイト最多	水口				https://www.jnsa.org/active/news10/2019.html				
セキュリティ	2019	4								1	スマートフォンSMSスミッシング	水口	永野		スマホが標的のフィッシング詐欺「スミッシング」増加	https://scan.netsecurity.ne.jp/article/2015/03/10/35942.html				
IT	2012	9	30							1	IMAGENET- Deep Learning(AI)	高橋	伊藤	1		https://en.wikipedia.org/wiki/ImageNet				
IT	2016	3	25							0	Microsoft Tay(AI)	高橋				https://ja.wikipedia.org/wiki/Tay_(%E4%BA%BA%E5%B7%A5%E7%9F%A5%E8%83%BD)				
IT	2015	6								0	Google ゴリラ問題	高橋				https://globe.asahi.com/article/12287524				
IT	2021	4	21							1	欧州AI規制	高橋	伊藤	1		https://eumag.jp/issues/c0821/ https://businessandlaw.jp/articles/a20220101-1/#1 https://eur-lex.europa.eu/legal-content/EN/TXT/?qid=1623335154975&uri=CELEX%3A52021PC0206				
セキュリティ	2019	3								0	じゅうたん爆撃DDoS攻撃	水口				https://www.security-next.com/103370				
IT	2010	10								0	第1回将棋電王戦	高橋				https://ja.wikipedia.org/wiki/%E5%B0%86%E6%A3%8B%E9%9B%BB%E7%8E%8B%E6%88%A6				
IT	2015	10								1	AlphaGo　プロ棋士（碁）を破る	高橋	伊藤	？		https://ja.wikipedia.org/wiki/AlphaGo				
IT	1996	2	10							0	Deep Blue - チェス世界チャンピオンを破る	高橋				https://ja.wikipedia.org/wiki/%E3%83%87%E3%82%A3%E3%83%BC%E3%83%97%E3%83%BB%E3%83%96%E3%83%AB%E3%83%BC%E5%AF%BE%E3%82%AC%E3%83%AB%E3%83%AA%E3%83%BB%E3%82%AB%E3%82%B9%E3%83%91%E3%83%AD%E3%83%95				
IT	2017									1	Deep Fake	高橋	伊藤	1		https://ja.wikipedia.org/wiki/%E3%83%87%E3%82%A3%E3%83%BC%E3%83%97%E3%83%95%E3%82%A7%E3%82%A4%E3%82%AF				
IT	2018	5								1	スマートスピーカー　夫婦の会話をチャットに送る	高橋	伊藤	1		https://www.itmedia.co.jp/pcuser/articles/1805/27/news010.html				
IT	2018	3	18							1	Uber 自動運転による人身事故	高橋	伊藤	1		https://wired.jp/2019/11/07/ubers-self-driving-car-didnt-know-pedestrians-could-jaywalk/ https://www.abc15.com/news/region-southeast-valley/tempe/tempe-police-investigating-self-driving-uber-car-involved-in-crash-overnight				
IT	2020	11								1	AIインシデントデータベース	高橋	伊藤	1		https://incidentdatabase.ai/	https://wired.jp/2021/08/18/artificial-intelligence-hall-shame/	https://en.wikipedia.org/wiki/Partnership_on_AI		
IT	2021	9								1	ロボット兵器によるイラン科学者暗殺	高橋	伊藤	？		https://news.yahoo.co.jp/articles/2e978d11133ed729aa2845783c5cdc2e22b72a18 https://www.bbc.com/japanese/55112169				
IT	2017	1								1	ドールハウスとクッキー	高橋	伊藤	1		https://iphone-mania.jp/news-151413/ https://www.cbsnews.com/news/6-year-old-brooke-neitzel-orders-dollhouse-cookies-with-amazon-echo-dot-alexa/ 				
IT	2019	7								1	米国の犯罪予知システムの利用を取りやめる	高橋	伊藤	1		https://it.srad.jp/story/19/07/12/229204/ https://www.latimes.com/local/lanow/la-me-lapd-precision-policing-data-20190703-story.html https://thenextweb.com/news/predictive-policing-ai-is-a-bigger-scam-than-psychic-detectives				
IT	2012	3	16							0	Apple が新iPadを発売	河本				https://www.apple.com/jp/newsroom/2012/03/19New-iPad-Tops-Three-Million/				
IT	2012	7	14							0	ソフトバンク、放射線測定できるスマホを発売	河本				https://www.softbank.jp/corp/group/sbm/news/press/2012/20120712_02/				
IT	2012	8	2							0	docomo通信障害再発	河本				https://www.nttdocomo.co.jp/info/news_release/2012/08/07_00.html				
IT	2012	8	31							0	米アップルのｉＰｈｏｎｅと韓国サムスン電子のＧＡＬＡＸＹ Ｓ、特許侵害訴訟アップルの請求棄却	河本				https://www.nikkei.com/article/DGXNASDG30058_R30C12A8MM0000/				
世の中	2012	9	19							0	日本航空（JAL）再上場	河本				https://www.nikkei.com/article/DGXNASGD1902G_Z10C12A9MM0000/				
IT	2012	9	19							0	データ通信会社「楽天イー・モバイル」設立	河本				https://corp.rakuten.co.jp/news/press/2012/0919_02.html				
IT	2012	9	21							0	iPhone 5 発売	河本								
世の中	2012	9	21							1	MERSコロナウイルス 発見	河本	小屋			https://www.forth.go.jp/moreinfo/topics/2012/09241149.html	https://www.niid.go.jp/niid/ja/diseases/alphabet/mers/2186-idsc/2686-mers.html			
世の中	2012	10	8							0	山中伸弥教授 iPS細胞で ノーベル生理学・医学賞を受賞	河本								
世の中	2012	12	2							0	笹子トンネル崩落事故	河本				https://www.c-nexco.co.jp/corporate/safety/sasago/summary/				
世の中	2013	3								0	黒田東彦日銀総裁 就任	河本				https://www.jiji.com/jc/article?k=2021092801000&g=eco				
世の中	2013	6	22							0	富士山 世界文化遺産登録が決定	河本				https://www.fujisan-whc.jp/about/history.html				
世の中	2013	9	14							0	国産の新型固体燃料ロケット「イプシロン」１号機 打ち上げ成功	河本				https://xtech.nikkei.com/dm/article/FEATURE/20131001/306549/				
IT	2013	10	18							0	Windwos8.1 発売	河本								
政府機関	2013	12	13							1	特定秘密保護法 公布（2014/12/10施行）	河本	唐沢			https://www.nichibenren.or.jp/activity/human/complicity_secret/secret/about.html				
世の中	2013									1	食材虚偽表示問題	河本	小屋			https://www.corporate-legal.jp/news/1618				
世の中	2013	11	13							1	冷凍食品の農薬混入事件	河本	小屋			http://www.mac.or.jp/mail/150301/01.shtml				
世の中	2013	12	19							0	猪瀬直樹東京都知事 辞職	河本								
世の中	2014	1	28							0	ＳＴＡＰ細胞 論文が2014年１月《ネイチャー》誌に掲載	河本								
世の中	2014	2	6							0	「耳が聞こえない作曲家」佐村河内守氏のゴーストライターを１８年間務めた新垣さん	河本				https://www.jiji.com/jc/v4?id=201412niigaki_int0001				
IT	2014	4	12							0	プロ棋士と対戦するロボット 将棋電王戦完敗	河本				https://www.nikkei.com/article/DGXNZO69809080S4A410C1000000/				
世の中	2014	2								0	西アフリカエボラ出血熱流行	河本				https://www.msf.or.jp/news/ebola.html				
セキュリティ	2019	3								0	ばらまき型標的型攻撃	水口				https://scan.netsecurity.ne.jp/article/2019/05/30/42392.html				
世の中	2014	9	4							0	デング熱／代々木公園を閉鎖	河本								
世の中	2014	9	27							0	御嶽山 噴火	河本								
世の中	2014	10	29							0	「子供の権利のための世界子供賞」授賞 教育活動家マララ・ユスフザイさん	河本								
世の中	2014	10	7							0	2014年度ノーベル物理学賞—青色LEDの開発で	河本				https://www.nippon.com/ja/features/h00080/				
世の中	2014	10	17							0	リニア／リニア中央新幹線の工事認可書を交付	河本								
セキュリティ	2019	3								1	APT40	水口	永野		中国政府が支援するスパイグループ「APT40「の調査をFIREEYEが公開	https://www.fireeye.com/blog/jp-threat-research/2019/03/apt40-examining-a-china-nexus-espionage-actor.html				
セキュリティ	2019	11								1	日本IT団体連盟 サイバーセキュリティ委員会	水口	永野		日本IT団体連盟にサイバーセキュリティ委員会が発足	https://internet.watch.impress.co.jp/docs/news/1221210.html				
セキュリティ	2020	9	8							1	ドコモ口座サービスで不正利用発覚	唐沢	永野			https://piyolog.hatenadiary.jp/entry/2020/09/08/054431				
セキュリティ	2020	11	16							1	カプコンにおいて標的型ランサムウェアで最大35万人の個人情報流出	唐沢	永野		「か」いるか？　→修正	https://www.capcom.co.jp/ir/news/html/201116.html	https://piyolog.hatenadiary.jp/entry/2020/11/10/051444			
セキュリティ	2020	9								1	Netlogon	水口	永野		JPCERT/CCがNetlogon の特権の昇格の脆弱性に関する注意喚起	https://www.jpcert.or.jp/magazine/chronology/index.html				
セキュリティ	2020	6								1	ホンダサイバー攻撃	水口	永野		ホンダがサイバー攻撃を受けシステム障害が発生	https://www.jpcert.or.jp/magazine/chronology/index.html				
セキュリティ	2020	7								0	BigIP脆弱性	水口				https://www.jpcert.or.jp/magazine/chronology/index.html				
セキュリティ	2020	4								1	日本コンピュータセキュリティインシデント対応チーム協議会発足	水口	永野		「日本シーサート協議会」の方がわかりやすいか？	https://www.jpcert.or.jp/magazine/chronology/index.html				
セキュリティ	2020	4								1	電子カルテSNS流出	水口	永野		新型コロナウイルス感染者の電子カルテがSNSに流出	https://www.jpcert.or.jp/magazine/chronology/				
セキュリティ	2020	9								0	ドコモ口座不正利用	水口				https://www.jnsa.org/active/news10/2020.html				
セキュリティ	2020	10								1	GoTo不正	水口	永野		GOTOトラベルを利用した不正受給が発生	https://www.jnsa.org/active/news10/2020.html				
セキュリティ	2020	11								0	カプコンラムサム被害	水口				https://www.jnsa.org/active/news10/2020.html				
セキュリティ	2020	11								0	JASAサイバーセキュリティ対策マネジメントガイドライン公開	水口				https://www.jpcert.or.jp/tips/2020/wr204601.html				
セキュリティ	2020	7								1	Emotet再開	水口	永野		マルウェア「Emotet」の感染再急増、手口が巧妙化 	https://www.jnsa.org/active/news10/2020.html				
セキュリティ	2020	7								1	puls Connect Secureの脆弱性　→VPN脆弱性が狙われた話として	水口	西尾		Pulse Connect Secureの脆弱性を悪用した攻撃の被害報告多数	https://www.jpcert.or.jp/magazine/chronology/				
セキュリティ	2020	2								0	国家支援サイバー攻撃	水口				https://www.jnsa.org/active/news10/2020.html				
セキュリティ	2020	5								1	三菱電機防衛情報漏洩	水口	西尾		三菱電機が不正アクセスにより防衛情報と個人情報漏えい	https://www.mitsubishielectric.co.jp/news/2020/0212-b.pdf				
セキュリティ	2021	1	27							1	EMOTETテイクダウン	唐沢	西尾		2020年7月にも					
セキュリティ	2021	3	17							1	LINEデータ管理の不備	唐沢	西尾		LINEデータ管理不備問題発生	https://piyolog.hatenadiary.jp/entry/2021/03/19/072110				
セキュリティ	2021	11								1	EMOTET復活	唐沢	西尾		2020年7月にも					
セキュリティ	2021	5	26							1	ProjectWEBへの不正アクセス	唐沢	西尾		富士通情報共有ツール「ProjectWEB」への不正アクセス発生	https://piyolog.hatenadiary.jp/entry/2021/05/26/053332				
セキュリティ	2021									1	みずほ銀行システム障害（8回）	唐沢	西尾		みずほ銀行のけるシステム障害が8回発生	https://xtech.nikkei.com/atcl/nxt/column/18/00001/06112/				
セキュリティ	2021	1	29							1	Salesforce設定ミスによる情報流出	唐沢	西尾			https://xtech.nikkei.com/atcl/nxt/news/18/09648/				
セキュリティ	2021	12	10							1	Log4Shell	唐沢	西尾		「Log4Shell」の脆弱性を狙った攻撃試行を検出	https://ja.wikipedia.org/wiki/Log4Shell				
セキュリティ	2011	6								1	Stunxnetがイラン核施設の遠心分離機を破壊	高橋	西尾			https://ja.wikipedia.org/wiki/%E3%82%B9%E3%82%BF%E3%83%83%E3%82%AF%E3%82%B9%E3%83%8D%E3%83%83%E3%83%88				
IT	2009	11	11							1	DevOpsが初めて提唱される	高橋	伊藤			https://ja.wikipedia.org/wiki/DevOps				
セキュリティ	2013	2	18							1	APT1 Mandiant Report	高橋	西尾		Mandiantが APT1の活動についてのレポートを公開	https://negi.hatenablog.com/entry/2013/02/27/161122				
セキュリティ	2011	8								1	Diginotar 不正証明種問題	高橋	西尾		オランダの認証局「Diginotar 」不正アクセスを受け偽のSSL証明書発行	https://atmarkit.itmedia.co.jp/news/201109/08/diginotar.html				
IT	2008	9	2							1	Chrome 初版リリース	高橋	伊藤	1		https://ja.wikipedia.org/wiki/Google_Chrome				
IT	2008	9	23							1	Android 初版リリース	高橋	伊藤	1		https://ja.wikipedia.org/wiki/Android_(%E3%82%AA%E3%83%9A%E3%83%AC%E3%83%BC%E3%83%86%E3%82%A3%E3%83%B3%E3%82%B0%E3%82%B7%E3%82%B9%E3%83%86%E3%83%A0)				
セキュリティ	2008	11								1	Conficker ワーム	高橋	西尾		？？	https://ja.wikipedia.org/wiki/Conficker				
セキュリティ	2009	3								1	Zeus malwareによる被害が拡大	高橋	西尾		？？	https://en.wikipedia.org/wiki/Zeus_(malware)				
セキュリティ	2009	3								1	Gumblarワームによる攻撃（アカウント流出、WEB改ざん等）	高橋	西尾		？？	https://en.wikipedia.org/wiki/Gumblar				
セキュリティ	2011	3	17							1	RSA セキュリティ侵害	高橋	西尾		RSA社サイバー攻撃により「RSA SecurID」情報盗まれる	https://japan.cnet.com/article/35000659/				
セキュリティ	2011	2								1	Anonymousによる広範囲な活動  HBGary, etc	高橋	西尾		？？	https://ja.wikipedia.org/wiki/%E3%82%A2%E3%83%8E%E3%83%8B%E3%83%9E%E3%82%B9_(%E9%9B%86%E5%9B%A3)				
世の中	2009	6	11							1	世界保健機関（WHO）パンデミックを宣言(SARS)	高橋	小屋		https://www.macromill.com/r_data/20091209news/	https://www.mhlw.go.jp/bunya/kenkou/kekkaku-kansenshou04/dl/infu100528-02.pdf				
世の中	2009	6	25							1	マイケルジャクソン　死去	高橋	小屋		https://www.macromill.com/r_data/20091209news/	https://ja.wikipedia.org/wiki/%E3%83%9E%E3%82%A4%E3%82%B1%E3%83%AB%E3%83%BB%E3%82%B8%E3%83%A3%E3%82%AF%E3%82%BD%E3%83%B3				
世の中	2009	9	16							1	鳩山由紀夫内閣が誕生し、自民党から民主党への政権交代が起こる	高橋	河本	1	https://www.macromill.com/r_data/20091209news/	https://mainichi.jp/articles/20151207/org/00m/100/013000c https://ja.wikipedia.org/wiki/%E9%B3%A9%E5%B1%B1%E7%94%B1%E7%B4%80%E5%A4%AB%E5%86%85%E9%96%A3#:~:text=%E9%B3%A9%E5%B1%B1%E7%94%B1%E7%B4%80%E5%A4%AB%E5%86%85%E9%96%A3%EF%BC%88%E3%81%AF%E3%81%A8%E3%82%84%E3%81%BE,%E6%97%A5%E6%9C%AC%E3%81%AE%E5%86%85%E9%96%A3%E3%81%A7%E3%81%82%E3%82%8B%E3%80%82 				
世の中	2009	5	21							1	裁判員裁判制度スタート	高橋	河本	1	https://www.macromill.com/r_data/20091209news/	https://www.nichibenren.or.jp/activity/justice/citizen/citizen_judge.html				
世の中	2009	8	8							1	酒井法子　覚せい剤で逮捕	高橋	河本	1	https://www.macromill.com/r_data/20091209news/	https://www.jiji.com/jc/v2?id=20090810sakai_noriko_under_arrest_26				
世の中	2009	3	28							1	高速道路　ETC割引で休日1000円	高橋	河本	1	https://www.macromill.com/r_data/20091209news/	https://www.excite.co.jp/news/article/Trafficnews_95246/ https://www.mlit.go.jp/road/ir/ir-council/hw_arikata/chu_matome/m01_data09.pdf				
世の中	2009	1	20							1	オバマ大統領就任	高橋	河本	1	https://www.macromill.com/r_data/20091209news/	https://ja.wikipedia.org/wiki/2009%E5%B9%B4%E3%83%90%E3%83%A9%E3%82%AF%E3%83%BB%E3%82%AA%E3%83%90%E3%83%9E%E5%A4%A7%E7%B5%B1%E9%A0%98%E5%B0%B1%E4%BB%BB%E5%BC%8F#:~:text=2009%E5%B9%B4%E3%83%90%E3%83%A9%E3%82%AF%E3%83%BB%E3%82%AA%E3%83%90%E3%83%9E%E5%A4%A7%E7%B5%B1%E9%A0%98%E5%B0%B1%E4%BB%BB%E5%BC%8F%EF%BC%88%E3%81%AB%E3%81%9B%E3%82%93%E3%81%8F%E3%81%AD%E3%82%93,%E6%8A%AB%E9%9C%B2%E3%81%97%E3%81%9F%E5%BC%8F%E5%85%B8%E3%81%A7%E3%81%82%E3%82%8B%E3%80%82				
世の中	2009	9	18							1	民主党政権が内閣府に行政刷新会議（事業仕分け）を設置	高橋	河本	1	https://www.macromill.com/r_data/20091209news/	https://ja.wikipedia.org/wiki/%E8%A1%8C%E6%94%BF%E5%88%B7%E6%96%B0%E4%BC%9A%E8%AD%B0				
世の中	2009	3	4							1	定額給付金　支給開始（一人当たり12000円）	高橋	河本	1	https://www.macromill.com/r_data/20091209news/	https://ja.wikipedia.org/wiki/%E5%AE%9A%E9%A1%8D%E7%B5%A6%E4%BB%98%E9%87%91				
世の中	2009	11	10							1	市橋容疑者　イギリス人女性殺害容疑で逮捕	高橋	河本	1	https://www.macromill.com/r_data/20091209news/	https://ja.wikipedia.org/wiki/%E3%83%AA%E3%83%B3%E3%82%BC%E3%82%A4%E3%83%BB%E3%82%A2%E3%83%B3%E3%83%BB%E3%83%9B%E3%83%BC%E3%82%AB%E3%83%BC%E3%81%95%E3%82%93%E6%AE%BA%E5%AE%B3%E4%BA%8B%E4%BB%B6				
世の中	2009	9	25							1	JAL(日本航空）政府主導で再建開始	高橋	河本	1	https://www.macromill.com/r_data/20091209news/	https://ja.wikipedia.org/wiki/JAL%E5%86%8D%E7%94%9F%E3%82%BF%E3%82%B9%E3%82%AF%E3%83%95%E3%82%A9%E3%83%BC%E3%82%B9				
世の中	2009	6	1							1	米ゼネラルモーターズ（GM)破綻	高橋	河本	1	https://www.macromill.com/r_data/20091209news/	https://ja.wikipedia.org/wiki/%E3%82%BC%E3%83%8D%E3%83%A9%E3%83%AB%E3%83%A2%E3%83%BC%E3%82%BF%E3%83%BC%E3%82%BA				
世の中	2009	9	3							1	八ッ場ダム建設中止	高橋	河本	1	https://www.macromill.com/r_data/20091209news/	https://ja.wikipedia.org/wiki/%E5%85%AB%E3%83%83%E5%A0%B4%E3%83%80%E3%83%A0				
セキュリティ	2010	6	17							1	Stuxnetがイランのウラン濃縮用の遠視分離機を破壊	高橋	西尾			https://ja.wikipedia.org/wiki/%E3%82%B9%E3%82%BF%E3%83%83%E3%82%AF%E3%82%B9%E3%83%8D%E3%83%83%E3%83%88				
セキュリティ	2011	10	18							1	Duqu, 第２のstuxnet	高橋	西尾			https://japan.cnet.com/article/20396546/				
世の中	2009	6	2							1	児童ポルノに関する規制強化と一連の議論	高橋	河本	1		https://ja.wikipedia.org/wiki/%E5%85%90%E7%AB%A5%E3%83%9D%E3%83%AB%E3%83%8E%E6%B5%81%E9%80%9A%E9%98%B2%E6%AD%A2%E5%8D%94%E8%AD%B0%E4%BC%9A				
セキュリティ	2009	3	4							1	韓国　7・7大乱	高橋	西尾			https://www.itmedia.co.jp/enterprise/articles/1110/19/news019.html				
セキュリティ	2011	3	23							1	SSL認証局Comodo、アカウント盗用で偽証明書を発行	高橋	西尾			https://internet.watch.impress.co.jp/docs/news/434729.html				
世の中	2010	11	30							1	内部告発をインターネット上で公開するという手法を用いたウィキリークス	高橋	河本	？11/29？		https://ja.wikipedia.org/wiki/%E3%82%A6%E3%82%A3%E3%82%AD%E3%83%AA%E3%83%BC%E3%82%AF%E3%82%B9				
セキュリティ	2010	5	25							1	図書館システムのDoS濡れ衣	高橋	西尾			https://ja.wikipedia.org/wiki/%E5%B2%A1%E5%B4%8E%E5%B8%82%E7%AB%8B%E4%B8%AD%E5%A4%AE%E5%9B%B3%E6%9B%B8%E9%A4%A8%E4%BA%8B%E4%BB%B6				
IT	2010	3	22							1	googleが中国から撤退	高橋	伊藤	1		https://www.nhk.or.jp/bunken/summary/research/focus/309.html				
セキュリティ	2010	9	21							1	検察による押収したフロッピーディスク内の証拠改ざん	高橋	西尾			https://www.jiji.com/jc/v2?id=muraki_04				
世の中	2011	3	11							1	東日本大震災	高橋	河本	1		https://ja.wikipedia.org/wiki/%E6%9D%B1%E6%97%A5%E6%9C%AC%E5%A4%A7%E9%9C%87%E7%81%BD				
セキュリティ	2011	9	19							1	三菱重工へのサイバー攻撃	高橋	西尾			https://www.nikkei.com/article/DGXNASDG1900N_Z10C11A9000000/				
セキュリティ	2011	7	15							1	米国防総省、サイバー空間を陸海空・宇宙と並ぶ第五の戦域とする「サイバー戦略」	高橋	西尾			https://thinktank.php.co.jp/wp-content/uploads/2016/05/policy_v4_n23.pdf				
セキュリティ	2011	6	22							1	IPA スマートフォンへの脅威と対策に関するレポート	高橋	西尾			https://www.ipa.go.jp/about/technicalwatch/20110622.html				
セキュリティ	2011	2	26							1	京大入試ITカンニング事件	高橋	西尾			https://ja.wikipedia.org/wiki/%E5%A4%A7%E5%AD%A6%E5%85%A5%E8%A9%A6%E5%95%8F%E9%A1%8C%E3%83%8D%E3%83%83%E3%83%88%E6%8A%95%E7%A8%BF%E4%BA%8B%E4%BB%B6				
セキュリティ	2011	6	17							1	ウイルス作成罪成立	高橋	西尾			https://ja.wikipedia.org/wiki/%E4%B8%8D%E6%AD%A3%E6%8C%87%E4%BB%A4%E9%9B%BB%E7%A3%81%E7%9A%84%E8%A8%98%E9%8C%B2%E3%81%AB%E9%96%A2%E3%81%99%E3%82%8B%E7%BD%AA				
世の中	2010	9	7							1	尖閣諸島中国漁船と海上保安庁巡視船が衝突	高橋	河本	1		https://ja.wikipedia.org/wiki/%E5%B0%96%E9%96%A3%E8%AB%B8%E5%B3%B6%E4%B8%AD%E5%9B%BD%E6%BC%81%E8%88%B9%E8%A1%9D%E7%AA%81%E4%BA%8B%E4%BB%B6				
世の中	2010	11	23							1	延坪島砲撃事件が勃発	高橋	河本	1		https://ja.wikipedia.org/wiki/%E5%BB%B6%E5%9D%AA%E5%B3%B6%E7%A0%B2%E6%92%83%E4%BA%8B%E4%BB%B6				
世の中	2010	6	13							1	世界初となる天体に着陸してのサンプルリターンに成功した小惑星探査機「はやぶさ」が地球に帰還	高橋	河本	1		https://ja.wikipedia.org/wiki/%E3%81%AF%E3%82%84%E3%81%B6%E3%81%95_(%E6%8E%A2%E6%9F%BB%E6%A9%9F)				
世の中	2010	8	5							1	チリ鉱山崩落事故、69日後作業員全員奇跡の生還	高橋	河本	1		https://ja.wikipedia.org/wiki/%E3%82%B3%E3%83%94%E3%82%A2%E3%83%9D%E9%89%B1%E5%B1%B1%E8%90%BD%E7%9B%A4%E4%BA%8B%E6%95%85				
世の中	2010	4	20							1	宮崎県で口蹄疫	高橋	河本	1		https://ja.wikipedia.org/wiki/%E5%8F%A3%E8%B9%84%E7%96%AB				
世の中	2010	1								1	欧州債務危機が拡大	高橋	河本	?		https://ja.wikipedia.org/wiki/2010%E5%B9%B4%E6%AC%A7%E5%B7%9E%E3%82%BD%E3%83%96%E3%83%AA%E3%83%B3%E5%8D%B1%E6%A9%9F				
世の中	2010	1	12							1	ハイチで大地震31万6千人死亡	高橋	河本	1		https://ja.wikipedia.org/wiki/%E3%83%8F%E3%82%A4%E3%83%81%E5%9C%B0%E9%9C%87_(2010%E5%B9%B4)				
世の中	2010	2	12							1	バンクーバーオリンピック開催（2/12 - 2/28)	高橋	河本	1		https://ja.wikipedia.org/wiki/2010%E5%B9%B4%E3%83%90%E3%83%B3%E3%82%AF%E3%83%BC%E3%83%90%E3%83%BC%E3%82%AA%E3%83%AA%E3%83%B3%E3%83%94%E3%83%83%E3%82%AF				
世の中	2010	2	24							1	アメリカ合衆国下院監督・政府改革委員会公聴会に、トヨタ自動車の豊田章男社長が出席	高橋	河本	1		https://jp.reuters.com/article/idJPJAPAN-14067920100225				
世の中	2010	5	14							1	スペースシャトルアトランティス号の最終打ち上げ（詳細はSTS-132）	高橋	河本	1		https://ja.wikipedia.org/wiki/STS-132				
世の中	2009	2	10							1	アメリカ合衆国とロシアの人工衛星が衝突。人工衛星どうしの初衝突事故	高橋	河本	1		https://ja.wikipedia.org/wiki/2009%E5%B9%B4%E4%BA%BA%E5%B7%A5%E8%A1%9B%E6%98%9F%E8%A1%9D%E7%AA%81%E4%BA%8B%E6%95%85				
IT	2011	1	6							1	Mac App Storeをオープン	高橋	伊藤	1		https://ja.wikipedia.org/wiki/Mac_App_Store				
世の中	2011	1	14							1	チュニジアでジャスミン革命が発生	高橋	河本	?期間        2010年12月18日 - 2011年1月14日		https://ja.wikipedia.org/wiki/%E3%82%B8%E3%83%A3%E3%82%B9%E3%83%9F%E3%83%B3%E9%9D%A9%E5%91%BD				
世の中	2011	1	20							1	中国の2010年国内総生産（GDP）が日本を抜き、世界第2位となることが確実	高橋	河本	1		https://www.nikkei.com/article/DGXNASGM1905R_Q1A120C1000000/				
IT	2011	2	3							1	IANAの管理する現行のIPアドレス「IPv4」の最後の在庫がすべてRIRに割り当てられ、無くなったと発表	高橋	伊藤	1		https://www.afpbb.com/articles/-/2784445?pid=6770427				
IT	2011	4	15							1	RIRのうち、APNICの管理するIPv4アドレスが最初に枯渇した	高橋	伊藤	1		https://ja.wikipedia.org/wiki/IP%E3%82%A2%E3%83%89%E3%83%AC%E3%82%B9%E6%9E%AF%E6%B8%87%E5%95%8F%E9%A1%8C				
セキュリティ	2011	4	21							1	PlayStationNetwork個人情報流出事件	高橋	西尾			https://ja.wikipedia.org/wiki/PlayStation_Network%E5%80%8B%E4%BA%BA%E6%83%85%E5%A0%B1%E6%B5%81%E5%87%BA%E4%BA%8B%E4%BB%B6				
世の中	2011	5	2							1	ウサマ・ビン・ラ－ディン容疑者殺害	高橋	河本	1	河本：氏名を外務省使用表記に修正	https://ja.wikipedia.org/wiki/%E3%82%A6%E3%82%B5%E3%83%BC%E3%83%9E%E3%83%BB%E3%83%93%E3%83%B3%E3%83%BB%E3%83%A9%E3%83%BC%E3%83%87%E3%82%A3%E3%83%B3				
世の中	2011	7	17							1	サッカー日本女子代表がアジアのチームでは男女を通じて初優勝	高橋	河本	?なでしこJapan優勝だけじゃダメ？		https://ja.wikipedia.org/wiki/2011_FIFA%E5%A5%B3%E5%AD%90%E3%83%AF%E3%83%BC%E3%83%AB%E3%83%89%E3%82%AB%E3%83%83%E3%83%97				
IT	2011	6	29							1	米国のネバダ州で、自動運転車の公道走行を受け入れる法案が可決	高橋	伊藤	1		https://ja.wikipedia.org/wiki/Google_%E3%83%89%E3%83%A9%E3%82%A4%E3%83%90%E3%83%BC%E3%83%AC%E3%82%B9%E3%82%AB%E3%83%BC				
世の中	2011	7	23							1	中華人民共和国高速鉄道の杭州 - 福州間で車両の衝突・脱線事故	高橋	河本	1		https://ja.wikipedia.org/wiki/2011%E5%B9%B4%E6%B8%A9%E5%B7%9E%E5%B8%82%E9%89%84%E9%81%93%E8%A1%9D%E7%AA%81%E8%84%B1%E7%B7%9A%E4%BA%8B%E6%95%85				
セキュリティ	2011	8	29							1	オランダで2011年デジノター事件が発生、偽のSSL証明書が大量に発行	高橋	西尾			https://ja.wikipedia.org/wiki/2011%E5%B9%B4%E3%83%87%E3%82%B8%E3%83%8E%E3%82%BF%E3%83%BC%E4%BA%8B%E4%BB%B6				
IT	2011	10	5							1	スティーブ・ジョブズ、膵臓腫瘍の転移により死去	高橋	伊藤	1		https://jp.reuters.com/article/technologyNews/idJPJAPAN-23563020111011				
																				
																				
											修正を確認済み									
											修正案を記載、確認待ち									
											修正が必要なところ									
																				
											https://plus-sum.sakura.ne.jp/jnsa-clonicle/									