Group	Year	Month	Day	Time	End Year	End Month	End Day	End Time	Display Date	Title	Detail	林コメント/修正案	URL	Image URL	Image Credit	Type	Color
世の中	2000	7			2000	９			0	三宅島雄山噴火	中山					0	
世の中	2000	7	19						0	2000円札発行	中山					0	
世の中	2000	9	15		2000	10	29		1	シドニーオリンピック・パラリンピック開催	中山					1	
世の中	2000	12	1						1	BSデジタル放送開始	中山					1	
IT	2000	12							1	「IT革命」新語・流行語大賞	中山					1	
世の中	2000	12	30						0	世田谷一家殺害事件	中山					0	
世の中	2000	1	1						1	2000年問題 政府が安全宣言	丸山					1	
世の中	2000	5	7						1	ロシアの大統領にプーチン氏が就任	丸山					1	
世の中	2000	6	28						1	雪印 牛乳の集団食中毒事件発生	丸山					1	
世の中	2001	3	31						0	ユニバーサルスタジオジャパン（USJ）開業	中山					0	
世の中	2001	9	1						0	歌舞伎町ビル火災	中山					0	
世の中	2001	9	11						1	米同時多発テロ発生	中山					1	
世の中	2001	10	7						1	アフガニスタン紛争	唐沢					1	
世の中	2001	11	30						1	国内高速道路ETC一般利用開始	中山					1	
世の中	2001								0	ほぼ全ての公立小・中・高等学校等がインターネット接続	中山					0	
世の中	2002	2	8		2002	3	16		1	ソルトレークシティ冬季オリンピック・パラリンピック開催	中山					1	
世の中	2002	4							1	（平成14年度より）公立の完全学校週五日制実施	中山					1	
世の中	2002	4							1	（同）高等学校教科「情報」新設、必修	中山					1	
世の中	2002	5	28						0	日本経団連発足	中山					0	
世の中	2002	5	31		2002	6	30		0	サッカーW杯日韓共同開催	中山					0	
世の中	2002	10	15						1	北朝鮮拉致被害者24年ぶり帰国	中山					1	
世の中	2003	4	1						1	日本郵政公社誕生	持田					1	
世の中	2003								1	ITバブル崩壊日経平均株価がバブル崩壊後の最安値7,603.76円を記録	永野					1	
世の中	2003								1	SARSがアジアを中心に世界的に大流行	永野					1	
世の中	2003								1	イラク戦争開戦。サダム・フセイン政権崩壊。	永野					1	
世の中	2004	8							1	アテネ五輪	持田					1	
世の中	2004	10	23						1	新潟中越地震（震度７）、柏崎原発が停止						1	
世の中	2005	10	3						0	三菱UFJフィナンシャル・グループ誕生	持田					0	
世の中	2005	11	26						1	探査機はやぶさ、小惑星イトカワへ着陸	持田					1	
世の中	2006	1							1	ライブドア事件で逮捕者	西尾					1	
世の中	2006	2	23						0	トリノオリンピックで荒川静香が金メダル	西尾					0	
世の中	2006	6	28						0	イスラエルによるガザ侵攻	西尾					0	
世の中	2007	2							1	年金記録問題発覚	西尾					1	
世の中	2007	6	20						0	食品偽装問題発覚	西尾					0	
世の中	2007	10	2						0	第２回南北首脳会談開催	西尾					0	
世の中	2008	6	8						1	秋葉原無差別殺傷事件	西尾					1	
世の中	2008	8	8						1	北京オリンピック開催	西尾					1	
世の中	2008	9							1	リーマンショック	西尾					1	
世の中	2011	1	12						0	プロレス漫画「タイガーマスク」の主人公伊達直人などを名乗る人物からの匿名の寄贈（いわゆるタイガーマスク運動）は12日も続き、読売新聞の調べで47都道府県全てに広がった	小屋					0	
世の中	2011	2	26						0	ニンテンドー3DS発売	小屋					0	
世の中	2009	8	30						1	第45回衆院選 民主大勝 政権交代	丸山					1	
世の中	2009	9	9						0	ＰＭ2.5で環境基準決定	丸山					0	
世の中	2009	11	11						1	政府の行政刷新会議｢事業仕分け｣スタート	丸山					1	
政府機関	2000	2	13						1	「不正アクセス禁止法」施行	中山						
世の中	2010	1	19						1	日本航空 会社更正法適用申請	丸山					1	
世の中	2010	2	11						0	EUが財政危機のギリシャへの金融支援へ	丸山					0	
世の中	2010	4	1						0	高校の授業料実質無料化	丸山					0	
世の中	2010	9	10						1	厚生労働省の元局長 村木厚子氏に無罪判決	丸山					1	
世の中	2010	9	7						1	尖閣諸島　漁船衝突	丸山					1	
世の中	2011	3	11						1	東日本大震災発災	小屋					1	
世の中	2011	3	14						0	震災に伴う電力不足による計画停電実施	西尾					0	
世の中	2011	5	12						0	東京都立川市で立川6億円強奪事件が発生						0	
世の中	2011	7	17						0	なでしこジャパン、ワールドカップで優勝	西尾					0	
世の中	2011								0	東日本大震災	高橋					0	
IT	2000	2	18						1	Windows2000発売	中山						
世の中	2012	5	22						1	東京スカイツリー開業	西尾					1	
世の中	2012	7	27						1	ロンドンオリンピック開幕	西尾					1	
IT	2000	7							1	NTT東西、ISDN定額通信サービス開始	中山						
IT	2000	7	18						0	INET2000開催	中山						
IT	2000	9							1	Google日本語検索サービス開始	中山						
IT	2000	9							1	国内初IPv6ネイティブ接続サービス開始	中山						
IT	2000	12	26						1	フレッツADSL本格提供開始	中山						
IT	2000	12	31						0	インターネット博覧会開幕	中山						
IT	2000	3							1	移動電話が固定電話を抜く	丸山						
IT	2000	6	21						0	東芝　ワープロ事業からの撤退を発表	丸山						
政府機関	2000	7	21						0	九州沖縄サミット開催	丸山						
IT	2000	10	2						0	DDI・KDD・IDOが合併 KDDI発足	丸山						
IT	2000	10	12						1	日本初のネット専用銀行「ジャパンネット銀行」営業開始	丸山						
IT	2000								0	「IT革命」が流行語大賞を受賞	丸山						
IT	2001	3	1						1	国内初の家庭向けFTTHサービス開始	中山						
IT	2001	5	20						0	ウィキペディア日本語版開設	中山						
IT	2001	10							0	W-CDMA方式第三世代携帯電話サービス開始	中山						
IT	2001	10	23						1	iPod発表	中山						
IT	2001	11	16						1	WindowsXP発売	中山						
IT	2001	11	18						1	JR東日本Suicaサービス開始	中山						
IT	2001								0	CDN（Content Delivery Network）が普及	丸山						
IT	2002	1							1	学術情報ネットワークSINET2（スーパーSINET）運用開始	中山						
IT	2002	4	1						0	CDMA2000 1X方式第三世代携帯電話サービス開始	中山						
IT	2002	8	5						1	住民基本台帳ネットワーク運用開始	中山						
IT	2002	9	27						1	IP電話050局番割り当て開始	中山						
IT	2002								1	カメラ付き携帯電話「写メール」流行	中山						
IT	2003	10							0	10月末日　ブロードバンドユーザ1,200万加入突破	持田						
IT	2003	3							1	JPCERT/CC法人化	持田						
IT	2003	1							0	JPドメイン名の登録数50万件突破	持田						
IT	2004								1	Facebookサービス開始	唐沢						
IT	2004	2							1	ソーシャル・ネットワーキング サービス『mixi』の運営開始	持田						
IT	2004	5	9						1	P2Pファイル共有ソフトウェア「Winny」開発者が逮捕される(後に最高裁で無罪が確定)	持田						
IT	2004	9	1						0	NTT東日本が「ひかり電話」サービス開始	持田						
IT	2005	2	15						1	YouTube設立（サービス開始？）	持田						
IT	2005	6							0	JPドメイン名の登録数70万件突破	持田						
IT	2005	4							0	JPCERT/CCが早期警戒業務を開始	持田						
	2005	11	1							11月1日 　東京証券取引所システム障害	持田						
IT	2006	7	15						1	Twitterがサービス開始	西尾						
IT	2007	1	15						1	ニコニコ動画サービス開始	西尾						
IT	2007	6	29						1	iPhone発売	西尾						
IT	2007								1	Androidスマートフォン発売	丸山						
IT	2007	8	31						1	初音ミク活動開始	丸山						
IT	2008	4	23						0	日本版Twitterがサービス開始	西尾						
IT	2008	5	19						0	日本版Facebookがサービス開始	西尾						
IT	2011								1	ファーストサーバーのデータロスト	高橋					1	
IT	2000	1	1						1	西暦2000年（Y2K）問題	中山						
セキュリティ	2000	1							1	中央省庁Webサイト連続不正アクセス	中山						
セキュリティ	2000	3	2						1	Playstation.com、設計上の問題で顧客情報流出	中山						
セキュリティ	2000	7							0	JIS X 5070制定	中山						
セキュリティ	2000								1	LOVELETTERウィルス流行	中山						
セキュリティ	2000								1	米NSA「ECHLON／PRISM盗聴疑惑」	中山						
セキュリティ	2000								0	企業Webサイト顧客情報漏洩多発	中山						
セキュリティ	2000	5							1	「I LOVE YOU」ウイルス流行	丸山						
セキュリティ	2000	2							1	Yahoo!、Amazon、eBayなどが大規模なDDoS攻撃によりダウン	丸山						
セキュリティ	2000								1	米NSIが運営するレジストリに不正侵入、アドレスが書き換えられる	丸山						
セキュリティ	2000								1	ワームのMyDoomが世界全体のインターネット接続速度を10％低下	丸山						
セキュリティ	2000	11							0	Hybris（感染メールを発信するトロイ。機能拡張が可能）	丸山						
セキュリティ	2000	11							1	迷惑メール対策としてiモード利用者向けに電子メールの着信拒否機能	丸山						
セキュリティ	2000	11							0	MTX（メールを独自に発信するトロイの木馬）	丸山						
セキュリティ	2000	9							1	パレスチナとイスラエルとの紛争、インターネット上にも波及	丸山						
セキュリティ	2000								1	ISMSが国際規格 ISO/IEC17799 として制定される	丸山	ISMSの国際規格（ISO/IEC17799）の制定	＃用語はある程度マニアックでもOK、規格は「○○の制定」とする				
セキュリティ	2001	2							1	日本ドメイン（*.jp）のウェブサイトへの侵入と改ざんが多発	丸山						
セキュリティ	2001	4～							0	Ramenワーム	中山						
セキュリティ	2001	5							1	Sadmind/IISワーム（脆弱なSolaris サーバに感染し、他のIIS のwebページに攻撃を仕掛ける)	丸山						
セキュリティ	2001	6							1	米電力会社送電網システムへ不正侵入	中山						
セキュリティ	2001	7							0	Sircamウイルス	丸山						
セキュリティ	2001	8							1	無線LAN暗号化アルゴリズム「WEP」攻撃手法公開	中山						
セキュリティ	2001	9～							1	迅速かつ広範囲に感染を広げることに特化したNimdaウイルス登場	中山	Nimdaウイルス多発　とか？	＃ウイルス系は書き換える依頼を出す				
セキュリティ	2001	7～							1	CodeRedワーム登場、数千台の感染機器によるDoS攻撃で唯一の「インターネットが麻痺した日」を引き起こした	中山	同上					
セキュリティ	2001	9							0	2001年9月9日問題（s1g問題）	中山						
セキュリティ	2001								0	JPCERT/CCへの緊急報告件数急増	中山						
セキュリティ	2001	4							1	セキュリティ評価・認証プログラム開始（ISO 15408）	丸山						
セキュリティ	2001	11							1	Klezワーム被害拡大（感染したPCのメール情報を元に、ヘッダーや送信者を詐称して拡散を広げる）	丸山	同上					
セキュリティ	2001	11							1	NIST が正式にAES をFIPS197として公表	丸山						
セキュリティ	2001								1	BINDに実装上の脆弱性	丸山	「DNSサーバ「BIND」に実装上の脆弱性が発見される」で良いのか？	＃脆弱性については後回しで考える				
セキュリティ	2001								1	SNMPに実装上の脆弱性	丸山	メール転送プロトコル「SNMP」に実装上の脆弱性が発見される？					
セキュリティ	2001								1	OSやアンチウイルスソフトの自動更新機能の普及　→書き方は要検討	丸山						
セキュリティ	2002	1～							0	Klezウイルス	中山						
セキュリティ	2002	1							0	インシデント情報共有フォーマット「IODEF」策定	中山						
セキュリティ	2002	3	24		2002	3	26		0	APACセキュリティインシデント対応会議「APSIRC」東京開催	中山						
セキュリティ	2002	4							0	JPNICがセキュリティ事業開始	中山						
セキュリティ	2002	4	1						1	みずほ銀行で大規模システム障害発生	中山						
セキュリティ	2002	4							1	情報セキュリティマネジメントシステム(ISMS)適合性評価制度の運用開始	丸山						
セキュリティ	2002	4							1	マイクロソフト「信頼できるコンピューティング (Trustworthy Computing)」を発表	丸山	セキュリティ対策？					
セキュリティ	2002	5							1	Benjaminワーム登場、P2PネットワークKaZaaを介して拡散	中山						
セキュリティ	2002	5	26						0	YKK関連会社サイト不正アクセス、個人情報流出約4.5万人	中山						
セキュリティ	2002	5	27						0	TBCウェブサイト不正アクセス、個人情報流出約3.7万人	中山						
セキュリティ	2002	7	1						0	APNICで全RIR共通IPv6アドレスポリシー施行	中山						
セキュリティ	2002	7	14		2002	7	19		0	「IETF会議」横浜開催	中山						
セキュリティ	2002	7							1	インシデント情報共有・分析センター「Telecom-ISAC Japan」発足	中山						
政府機関	2000	2							0	警察庁「情報セキュリティ政策大系」策定	中山						
政府機関	2000	2	29						0	内閣官房「情報セキュリティ対策推進室」設置	中山						
政府機関	2000	5	31						1	「電子署名及び認証業務に関する法律」制定	中山						
政府機関	2000	9	21						1	「e-Japan」構想発表	中山						
政府機関	2000	12	15						0	「重要インフラのサイバーテロ対策に係る特別行動計画」策定	中山						
政府機関	2000								1	暗号技術評価事業「CRYPTREC」活動開始	中山						
政府機関	2000	8	15						1	犯罪捜査のための通信傍受（盗聴）に関する法律（通信傍受法）施行	丸山						
政府機関	2001	1	6						1	中央省庁1府12省庁へ再編統合	中山						
政府機関	2001	1	26						1	高度情報通信ネットワーク社会形成基本法（IT基本法）施行	中山						
政府機関	2001	4	1						1	情報公開法、電子署名法およびIT書面一括法施行	中山						
政府機関	2001	4	26						0	第一次小泉内閣発足	中山						
政府機関	2001	6	26						1	e-Japan 戦略発表	丸山						
政府機関	2001	11	23						1	国際条約「サイバー犯罪条約」署名	中山						
政府機関	2002	2	1						0	電子投票法（公職選挙法の特例法）施行	丸山						
政府機関	2002	4							1	NIRT（National Incident Response Team)設置	丸山						
政府機関	2002	5	27						1	「プロバイダ責任制限法」施行	中山						
政府機関	2002	7	1						1	「特定電子メールの送信の適正化等に関する法律」施行	中山						
政府機関	2002	12	13						0	行政手続オンライン化関係三法（法律第151～153号）公布	中山						
政府機関	2003	10	10						1	経済産業省｢情報セキュリティ総合戦略｣を発表	持田						
政府機関	2003	8	25						1	住基ネット本格稼動	持田						
政府機関	2003	5	23						1	個人情報保護法関連５法の成立	持田						
政府機関	2003	4	1						1	経済産業省「情報セキュリティ監査制度」施行	持田						
政府機関	2003								0	「個人情報の保護に関する法律」成立	永野						
政府機関	2003								1	自衛隊イラク派遣決定、「戦闘」下で初 	永野						
政府機関	2005	4	1						1	個人情報保護法全面施行	持田						
JNSA	1999	10								設立準備会発足	下村						
JNSA	2000	4	13		2001	7				任意団体として発足（事務所：東京都江東区）	下村						
JNSA	2000	4	13		2007	6	6			会長石田晴久先生	下村						
JNSA	2001	7	4							NPO法人に移行	下村						
JNSA	2007	6	6		2010	8				佐々木先生会長就任、NISC補佐官就任のため退任	下村						
JNSA	2008	9								事務所移転（東京都港区）	下村						
JNSA	2011	6								田中先生会長就任	下村						
JNSA	2011	7	1							在宅勤務における情報セキュリティ対策ガイドブック発刊	西尾						
JNSA	2012	2								産学情報セキュリティ人材育成検討会発足	西尾						
JNSA	2013	2	23							第１回SECCON CTF全国大会開催	西尾						
JNSA	2015	10	15							JNSA15周年記念論文賞を授与	西尾						
JNSA	2015	10	15							JNSAフェローの称号を井上氏、大和氏に贈呈	西尾						
JNSA	2022	4	1							丸山史郎氏JNSAに1億円寄付	下村						
JNSA活動	2000	4								政策部会	下村		JNSA活動の企画推進、省庁との調整				
JNSA活動	2000	4								マーケティング部会	下村		セミナー、イベントなどJNSAの認知度向上を行う				
JNSA活動	2000	4								技術部会	下村		会員の技術力向上やガイドライン作成を行う				
JNSA活動	2002	4								セキュリティポリシーサンプル作成	下村		分野ごとのセキュリティポリシーの検討				
JNSA活動	2000	4	2002	3						IPSEC接続実験	下村		セキュリティ製品の相互接続性の検証（VPN装置）				
JNSA活動	2000	4								技術部会　技術用語WG	下村		セキュリティ技術用語の定義と解説作成				
JNSA活動	2001	12			2022					セキュリティ被害調査	下村		個人情報漏洩インシデント調査（継続中）				
JNSA活動	2001	8								CA相互接続実験開始（Challenge PKI)	下村						
JNSA活動	2002	4	17							拡大幹事会開始	下村						
JNSA活動	2002	12								CD-ROM「ネットワーク社会のここが危ない！」製作	下村						
JNSA活動	2002	8								会報誌「JNSA Press」発刊	下村						
JNSA活動	2003	2								セキュリティエンジニアSkillmap発表	下村						
JNSA活動	2003	10								インターネット安全教室	下村		当初11か所				
JNSA活動	2003	12	3							「個人情報保護法対策 セキュリティ実践マニュアル」発刊	下村		インプレス社より				
JNSA活動	2004	2								「SSL VPN検証報告」発表	下村		SSL VPN製品の実機検証（5製品）				
JNSA活動	2004	4			2022					電子署名検討WG発足	下村						
JNSA会員数	2000	4	1							54	下村						
JNSA会員数	2001	4	1							101	下村						
JNSA会員数	2002	4	1							119	下村						
JNSA会員数	2003	4	1							157	下村						
JNSA会員数	2004	4	1							164	下村						
JNSA会員数	2005	4	1							188	下村						
JNSA会員数	2006	4	1							189	下村						
JNSA会員数	2007	4	1							203	下村						
JNSA会員数	2008	4	1							200	下村						
JNSA会員数	2009	4	1							176	下村						
JNSA会員数	2010	4	1							158	下村						
JNSA会員数	2011	4	1							146	下村						
JNSA会員数	2012	4	1							141	下村						
JNSA会員数	2013	4	1							135	下村						
JNSA会員数	2014	4	1							138	下村						
JNSA会員数	2015	4	1							155	下村						
JNSA会員数	2016	4	1							166	下村						
JNSA会員数	2017	4	1							185	下村						
JNSA会員数	2018	4	1							214	下村						
JNSA会員数	2019	4	1							224	下村						
JNSA会員数	2020	4	1							229	下村						
JNSA会員数	2021	4	1							234	下村						
JNSA会員数	2021	12	1							261	下村						
世の中	2012	9	11						1	日本政府、尖閣諸島の魚釣島及び南小島を国有化	小屋					1	
IT	2011	2	3						1	ICANNのIPv4アドレス在庫が枯渇	唐沢						
セキュリティ	2002	8							1	OECDの新情報セキュリティ・ガイドラインが公開	丸山	ガイドラインが公開？					
セキュリティ	2002	8							0	自衛隊のシステム開発の設計資料の一部外部流出	丸山						
世の中	2012	10	8						0	ノーベル生理学・医学賞を京都大学山中伸弥教授が受賞	小屋					0	
セキュリティ	2002	11							1	DNSルートサーバに一斉DoS攻撃	丸山						
世の中	2012								0	ｽｶｲﾂﾘｰ	高橋					0	
セキュリティ	2002	11							1	米国、「連邦情報セキュリティマネジメント法（FISMA）」制定	丸山						
セキュリティ	2003	8							1	Blasterワーム流行	持田						
世の中	2013	6	5						1	スノーデンによる米NSA盗聴活動の暴露	唐沢					1	
世の中	2013	9	8						0	2020年夏季五輪・パラリンピックの開催地が東京に決定	小屋（追加）						
セキュリティ	2003	8							1	Antinnyウイルスによる情報漏えい多発	持田	Antinnyウイルスによる情報漏えい多発？					
セキュリティ	2003	3							0	JPCERT/CC法人化	持田						
世の中	2013	9	7						0	2020年東京オリンピック・パラリンピック開催決定	西尾					0	
世の中	2013								0	バカッター（11/20流行語大賞ノミネート）	唐沢					0	
世の中	2013								0	ｽﾉｰﾃﾞﾝ	高橋					0	
IT	2011	3	31						0	NTTドコモ PDCによる携帯電話サービスmova終了	小屋						
セキュリティ	2003								0	MS Bluster大流行	永野						
セキュリティ	2003								1	KLEZが国内で流行（2001年から感染事例は発生）	永野						
セキュリティ	2003								1	SOBIGワームによる被害拡大（マネタイズした最初のマルウェア）	永野						
セキュリティ	2003								1	情報漏えいを狙ったBUGBEARウイルスが登場	永野						
セキュリティ	2003								1	Sircam　⇒感染確認は2000年から	永野						
セキュリティ	2003								0	ファミマ・クラブ会員の個人情報約18万人分	永野						
世の中	2014	1							1	STAP細胞騒動	西尾					1	
世の中	2014	2	15						0	ソチオリンピックで羽生結弦が金メダル	西尾					0	
IT	2011	5							1	Google Chromeが世界ブラウザ市場で初のトップに	小屋						
世の中	2014	3	31						0	フジテレビ系長寿番組「笑っていいとも」放送終了	小屋					0	
セキュリティ	2003								0	ローソンパス会員の個人情報 約56万人分	永野						
セキュリティ	2004								0	NTTドコモ九州　元従業員による金銭目的での外部持ち出し	永野		https://cybersecurity-jp.com/column/17039				
セキュリティ	2004								0	ジャパネットたかた　元従業員により顧客情報が保存されたCD-Rが持ち出され、外部に流出51万人	永野		https://cybersecurity-jp.com/column/16428				
世の中	2014	4	1						1	消費税5%から8%に増税	小屋					1	
世の中	2014	7	1						0	野々村竜太郎議員号泣会見	小屋					0	
世の中	2014	9	27						0	御岳山噴火	西尾					0	
世の中	2014								1	ﾏﾚｰｼｱ航空撃墜	高橋					1	
世の中	2014								0	ｽｺｯﾄﾗﾝﾄﾞ独立選挙	高橋					0	
セキュリティ	2005	4	28						1	フィッシング対策協議会設立	持田						
セキュリティ	2005								0	DeNA　情報流出3万6,239件（うちクレジットカード情報1万26件）	永野						
セキュリティ	2005								1	Yahoo! BB　元社員が全加入者660万人分の情報を持ち出し	永野						
セキュリティ	2005								0	クラブツーリズム　不正アクセスで約9万人分(ID・パスワード他)流出	永野						
セキュリティ	2006	2	7						1	警視庁、フィッシング詐欺で初の逮捕者	西尾						
世の中	2014								0	ﾅｯﾂﾘﾀｰﾝ	高橋					0	
セキュリティ	2007	3	12						0	大日本印刷顧客情報流出、43社・約864万件	西尾						
セキュリティ	2008	1	24						1	原田ウイルス作成者逮捕	西尾						
政府機関	2005	4	1						1	内閣官房情報セキュリティセンター（NISC）が発足	持田						
政府機関	2005	4	1						1	e-文書法施行	持田						
セキュリティ	2008	6	13						1	JPCERT/CCが偽セキュリティ対策ソフトに対する注意喚起	西尾						
セキュリティ	2008	7	24						1	JPCERT/CCがDNSキャッシュポイズニングに対する注意喚起	西尾						
世の中	2010								1	アラブの春	高橋		https://ja.wikipedia.org/wiki/%E3%82%A2%E3%83%A9%E3%83%96%E3%81%AE%E6%98%A5				
セキュリティ	2011	4							1	PlayStation Network情報漏洩	西尾						
セキュリティ	2011	9							1	三菱重工にサイバー攻撃	西尾						
セキュリティ	2011								1	Flame	高橋						
セキュリティ	2011								1	DNS Changer	高橋						
セキュリティ	2011								1	標的型攻撃	高橋						
セキュリティ	2012	1							1	トロイの木馬「Citadel」開発	小屋						
セキュリティ	2012	3							0	ベクター、不正アクセスにより26万件の個人情報漏洩の可能性	小屋						
セキュリティ	2012	4	1						0	唐沢勇輔氏が情報セキュリティ大学院大学情報セキュリティ研究科に入学	西尾						
セキュリティ	2012	6	20						1	ファーストサーバ障害により企業のデータ多数消失	小屋						
政府機関	2005	10							1	郵政民営化法成立　→　あとで施行日に移動	持田						
世の中	2015	1	20						1	イスラム国が日本人２人を拘束、殺害映像を公開	西尾					1	
世の中	2015	4	25						1	首相官邸にドローンが落下	大徳					1	
世の中	2015	9	29						0	米国とキューバが国交回復	大徳					0	
世の中	2015	11	14						0	パリ同時多発テロ	大徳					0	
世の中	2015								1	ISIS関連テロ	高橋					1	
世の中	2015								1	移民問題	高橋					1	
世の中	2015								1	VW排ガス検査結果の詐称	高橋					1	
世の中	2015								0	マクドナルド異物混入	高橋					0	
世の中	2015	3	24						0	ドイツLCCで副操縦士が乗客を道連れに墜落自殺	冨田					0	
世の中	2015	9	1						1	東京2020エンブレムの盗作疑惑でやり直しを決定	冨田					1	
世の中	2016	1	4						1	マイナンバー制度が開始	大徳					1	
世の中	2016	6	22						0	シャープ買収、鴻海傘下に	大徳					0	
世の中	2016	7	6						0	Pokemon Goが日本国内でもリリース	唐沢					0	
IT	2011	6	23						1	LINEサービス開始	西尾						
IT	2011	7	24						1	地デジへの完全移行	西尾						
IT	2011								0	Mac App Store	高橋						
IT	2012	8	24						0	金融庁、システム障害が相次ぐ東京証券取引所に対し業務改善命令	唐沢						
IT	2012	10	26						1	MS Windows8発売	西尾						
IT	2013	1							0	KDDIで通信インフラ障害相次ぐ（1月、4月、5月）	小屋					　	
IT	2013	3	15						1	マイクロソフトがタブレット端末「Surface」を日本で発売	小屋						
IT	2013	11	7						0	Twitter社上場	小屋						
IT	2014	2							1	Slackサービス開始							
IT	2014	4	9						1	MS　WindowsXPサポート終了	小屋						
IT	2014	9	19						0	米アップルがiPhone6/6Plusを発売	小屋						
IT	2014								0	XP-EOS	高橋						
IT	2014	2	28						1	ダイヤルQ2サービス終了	小屋					1	
IT	2015	4	24						0	Apple Watch発売	西尾						
セキュリティ	2012	10	？						1	不正送金ウイルスが蔓延							
セキュリティ	2012	6			2021	9			1	遠隔操作ウィルス事件発生	高橋・小屋						
セキュリティ	2012								1	Zeus上陸	高橋						
セキュリティ	2012	12							0	ISPのWebメールをかたるフィッシング(2012/12)	河本		https://www.ocn.ne.jp/info/rules/phishing/	※JPCERT/CCより			
セキュリティ	2012	10							1	citadelによる第二認証情報詐取(2012/10)	河本		https://www.antiphishing.jp/news/alert/20121029.html	※JPCERT/CCより			
セキュリティ	2012	3							0	DNS 設定を書き換えるマルウエア (DNS Changer)(2012/3)	河本		https://www.jpcert.or.jp/at/2012/at120008.html	※JPCERT/CCより			
セキュリティ	2013	2							1	遠隔操作ウイルス事件被疑者逮捕	西尾・小屋・河本		https://atmarkit.itmedia.co.jp/ait/articles/1406/09/news013.html				
セキュリティ	2013	5							1	Yahoo!JAPAN、不正アクセスにより最大2200万件の情報漏洩	小屋						
セキュリティ	2013	7							0	Apache Strutsの脆弱性をついた攻撃急増	西尾						
セキュリティ	2013	8	1						1	IPAがリスト型攻撃増加について注意喚起	唐沢	リスト型攻撃が増加 or IPAがリスト型攻撃増加の注意喚起					
セキュリティ	2013	10	1						1	ISO/IEC27001:2013発行	西尾						
セキュリティ	2013								1	ｼﾙｸﾛｰﾄ	高橋						
セキュリティ	2013								1	Open DNS	高橋						
セキュリティ	2013	3							0	Microsoft Graphics Component 未修正の脆弱性を悪用する標的型攻撃が発生(2013/11)	河本		https://www.jpcert.or.jp/at/2013/at130044.html	※JPCERT/CCより			
セキュリティ	2013	7							1	Apache Struts の脆弱性を使用した攻撃が急増(2013/7)	河本		https://www.jpcert.or.jp/at/2013/at130033.html	※JPCERT/CCより			
セキュリティ	2013	6							0	改ざんされた Web サイトの閲覧により、PC がマルウエアに感染が急増(2013/6)	河本		https://www.jpcert.or.jp/at/2013/at130027.html	※JPCERT/CCより			
政府機関	2005								0	「個人情報の保護に関する法律」全面施行	永野						
政府機関	2007	5	14						0	国民投票法成立	西尾						
政府機関	2008	7	7						0	洞爺湖サミット	西尾						
政府機関	2010	1	1						1	日本年金機構発足	丸山					1	
政府機関	2011	6	17						1	「情報処理の高度化等に対処するための刑法等の一部を改正する法律」（ウイルス作成罪の成立）	唐沢						
政府機関	2012	3	31						1	「不正アクセス行為の禁止等に関する法律」改正	唐沢						
政府機関	2013	5	24						1	マイナンバー法成立	西尾						
政府機関	2013	12	6						1	特定秘密保護法成立	西尾						
世の中	2016	11	8						1	アメリカ大統領選挙はドナルド・トランプ氏が勝利	唐沢					1	
世の中	2016	12	1						0	新元素「ニホニウム」決定	大徳					0	
世の中	2016								1	パナマ文書	高橋					1	
世の中	2016								0	北朝鮮核問題	高橋					0	
世の中	2016								0	TPP	高橋					0	
IT	2015	7	29						1	MS Windows10発売	西尾						
IT	2015	9	3						0	Google、定額制音楽配信サービスの国内提供開始	大徳						
IT	2015	10	6						0	シャープ、人型ロボット携帯電話RoBoHoNを発表	大徳						
IT	2015	12	25						0	任天堂、携帯型ゲーム機ニンテンドー2DSを日本で発売	大徳						
IT	2015	9							0	IPv4アドレスの枯渇	冨田						
IT	2015	5	1						0	SIMロック解除義務化	冨田						
IT	2016	3	9						1	Google開発の囲碁AI「AlphaGo」がプロ棋士に勝利	大徳						
セキュリティ	2013	4							0	外部からの再帰的な問い合わせを許可している DNS キャッシュサーバを使用したDNS アンプ攻撃が発生(2013/4)	河本		https://www.jpcert.or.jp/at/2013/at130022.html	※JPCERT/CCより			
セキュリティ	2013	2							0	遠隔操作ウィルス事件（2013/2）	河本		http://ja.wikipedia.org/wiki/パソコン遠隔操作事件	※JPCERT/CCより			
セキュリティ	2014	2	25						1	仮想通貨取引所Mt.Goxが取引の全面停止	小屋						
セキュリティ	2014	4							1	Heart Bleedによる情報漏えいの脆弱性	西尾						
セキュリティ	2014	4	25						1	JASA・クラウドセキュリティ推進協議会発足	西尾						
セキュリティ	2014	7	9						1	ベネッセの個人情報漏洩	小屋						
セキュリティ	2014	8	31						1	iCloudで海外セレブの写真やセルフポートレート流出	小屋						
セキュリティ	2014	9							1	インターネットバンキング不正送金による法人名義口座の被害が拡大	西尾						
セキュリティ	2014								0	Struts/WP	高橋						
セキュリティ	2014								1	OpenSSL	高橋						
セキュリティ	2014								1	bash	高橋	JPCERT/CCがGNU bash の脆弱性に関する注意喚起	https://www.jpcert.or.jp/at/2014/at140037.html				
セキュリティ	2014								1	Target(POS)	高橋						
セキュリティ	2014								0	ベネッセ	高橋						
セキュリティ	2014								1	日本サイバー犯罪対策センター（JC3）発足	高橋	日本サイバー犯罪対策センター（JC3）発足					
セキュリティ	2014	7	17						0	ベネッセコーポレーションの情報漏えい事件の容疑者逮捕	河本						
セキュリティ	2014	12							1	国内組織内部の管理者アカウントの不正使用による情報窃取などを行う標的型攻撃(2014/12)	河本	・・・標的型攻撃が多発？	https://www.jpcert.or.jp/at/2014/at140054.html	※JPCERT/CCより			
政府機関	2014	3	26						1	自衛隊、サイバー防衛隊新規編成	小屋						
政府機関	2014	11	6						1	サイバーセキュリティ基本法成立	西尾						
政府機関	2014	11	13						1	日本サイバー犯罪対策センター（JC3）設立	唐沢						
政府機関	2015	1							1	内閣サイバーセキュリティセンター（NISC）に改組	西尾						
政府機関	2015	9	4						1	サイバーセキュリティ戦略閣議決定	西尾						
政府機関	2015	9	19						1	安全保障関連法成立	西尾						
政府機関	2015	4								インターポール、サイバー犯罪対策拠点としてシンガポールにIGCI設立	小屋						
世の中	2016								0	ISIS関連テロ	高橋					0	
世の中	2016								0	熊本地震	高橋					0	
世の中	2016	5	26						0	伊勢志摩サミット開催	冨田					0	
世の中	2017	6	26						0	タカタ破綻	大徳					0	
世の中	2017	9	18						0	豊田真由子議員暴言問題、謝罪会見	大徳					0	
世の中	2017	12	8						0	地質年代にチバニアン	大徳					0	
IT	2016	11	2						0	Adobeが人工知能「Adobe Sensei」を発表	大徳						
IT	2016	12							1	WELQ騒動	大徳						
IT	2016	12	5						0	Amazon Dash Button日本上陸	大徳						
IT	2016	12	14						0	「俺の嫁」召喚装置が発売	大徳						
IT	2016	9	16						0	Apple、iPhone7でSuicaに対応した日本限定版を発売	冨田						
セキュリティ	2014	11							1	警視庁などがプロキシ業者の一斉捜索し、12人を逮捕(2014/11)	河本		http://www.47news.jp/CN/201411/CN2014112001001590.html	※JPCERT/CCより			
セキュリティ	2014	11							1	JPCERT/CCがドメイン名ハイジャックに関する注意喚起	河本	JPCERT/CCがドメイン名ハイジャックに関する注意喚起	https://www.jpcert.or.jp/at/2014/at140044.html	※JPCERT/CCより			
セキュリティ	2014	9							0	リモートからOSコマンドを実行可能な脆弱性を利用した攻撃の急増(2014/9)	河本		https://www.jpcert.or.jp/at/2014/at140037.html	※JPCERT/CCより			
セキュリティ	2014	9							０	パスワードリスト攻撃による不正ログイン多発(2014/09)	河本		https://www.jpcert.or.jp/pr/2014/pr140004.html	※JPCERT/CCより			
セキュリティ	2014	9							0	インターネットバンキング不正送金が法人名義口座の被害が拡大(2014/9)	河本		https://www.npa.go.jp/cyber/pdf/H260904_banking.pdf	※JPCERT/CCより			
セキュリティ	2014	7							0	内部犯行による大規模情報流出(2014/07)	河本		http://www.ipa.go.jp/security/fy24/reports/insider/index.html	※JPCERT/CCより			
セキュリティ	2014	6							0	CDNサービスへの攻撃によるWeb改ざんの発生(2014/06)	河本		http://scan.netsecurity.ne.jp/article/2014/07/01/34457.html	※JPCERT/CCより			
セキュリティ	2014	4							1	JPCERT/CCがDNS キャッシュポイズニング攻撃に関する注意喚起	河本	JPCERT/CCがDNS キャッシュポイズニング攻撃に関する注意喚起	https://www.jpcert.or.jp/at/2014/at140016.html	※JPCERT/CCより			
セキュリティ	2014	4							0	Heart Bleed：OpenSSL heartbeat拡張による情報漏えいの脆弱性(2014/04)	河本		https://www.jpcert.or.jp/at/2014/at140013.html	※JPCERT/CCより			
セキュリティ	2014	3							1	JPCERT/CCがMicrosoft Word の未修正の脆弱性に関する注意喚起	河本	JPCERT/CCがMicrosoft Word の未修正の脆弱性に関する注意喚起	https://www.jpcert.or.jp/at/2014/at140012.html	※JPCERT/CCより			
セキュリティ	2014	2							1	JPCERT/CCが広告から誘導される国内金融機関を装ったフィッシングサイト多発を報告	河本	JPCERT/CCが広告から誘導される国内金融機関を装ったフィッシングサイト多発を報告	https://www.jpcert.or.jp/pr/2014/IR_Report20140415.pdf	※JPCERT/CCより			
セキュリティ	2014	2							0	Microsoft Internet Exploreの脆弱性を利用した標的型攻撃(2014/02)	河本		https://www.jpcert.or.jp/at/2014/at140009.html	※JPCERT/CCより			
セキュリティ	2014	1							1	ソフトウエアのアップデート機能を利用した標的型攻撃(2014/01)	河本		http://www.nikkei.com/article/DGXBZO67412470W4A220C1000000/	※JPCERT/CCより			
セキュリティ	2014	1							1	JPCERT/CCがntpd の monlist 機能を使った DDoS 攻撃に関する注意喚起	河本	JPCERT/CCがntpd の monlist 機能を使った DDoS 攻撃に関する注意喚起	https://www.jpcert.or.jp/at/2014/at140001.html	※JPCERT/CCより			
セキュリティ	2015	6	1						１	日本年金機構における不正アクセスによる情報流出事案発生	唐沢	日本年金機構における不正アクセスによる情報流出事案発生					
セキュリティ	2015	5	12						1	初代CISO補佐官 山口英氏逝去	唐沢						
セキュリティ	2015	9	25						1	ベネッセ個人情報漏えい事故の調査報告書を公表	唐沢						
政府機関	2015	10							1	マイナンバー通知開始	西尾						
政府機関	2015	12	28						1	サイバーセキュリティ経営ガイドライン Ver1.0公開	唐沢						
政府機関	2016	10	24						1	ＩＰＡ新設国家資格「情報処理安全確保支援士」の初回申請受付を開始 ～セキュリティ人材不足の切り札となるか～　	唐沢						
政府機関	2016	1							1	個人情報保護委員会発足	冨田						
政府機関	2017	5	30						0	改正個人情報保護法施行	唐沢						
政府機関	2018	12							0	サイバーセキュリティ法案	水口		https://www.jpcert.or.jp/magazine/chronology/				
世の中	2017	12	10						0	大谷翔平、ロサンゼルス・エンゼルス入団会見	大徳					0	
世の中	2017								1	ウクライナ停電（サイバー攻撃？）	高橋					1	
世の中	2018	3							0	財務省公文書改竄	水口		https://www.jnsa.org/active/news10/2018.html			0	
IT	2017	9	12						0	Apple、iPhone X発表	大徳						
IT	2018	10							0	東証障害	水口		https://www.jnsa.org/active/news10/2018.html				
IT	2018	12							0	ソフトバンク障害	水口		https://www.jpcert.or.jp/magazine/chronology/				
セキュリティ	2015	5							1	ランサムウェアによる被害多数（要エビデンス？）	西尾						
セキュリティ	2015	12							1	日本発のISO/IEC27017:2015発行	西尾						
セキュリティ	2015								0	SONY	高橋						
政府機関	2018	7							0	IR法案	水口		https://www.jpcert.or.jp/magazine/chronology/				
セキュリティ	2015								0	年金機構	高橋						
セキュリティ	2015								0	プロキシ業者摘発	高橋						
セキュリティ	2015	8							1	走行中のジープの乗っ取りに成功	高橋		https://blog.kaspersky.co.jp/remote-car-hack/8332/				
セキュリティ	2016	10	14						1	US-CERTが、Mirai BotによるDDoS攻撃に関する注意喚起	唐沢						
世の中	2018	4							0	サプライチェーンリスク	水口		https://www.jnsa.org/active/news10/2018.html			0	
IT	2018	12							1	ファーウェイ問題	水口		https://www.jpcert.or.jp/magazine/chronology/				
世の中	2018	6							0	Wi-Fi Allience	水口		https://www.jpcert.or.jp/magazine/chronology/			0	
政府機関	2019	2	20						1	政府のIoT機器“侵入調査”｢NOTICE｣開始	唐沢						
セキュリティ	2016	11	28						0	防衛省にサイバー攻撃報道	大徳						
IT	2019	10	9						0	東証システム障害	唐沢						
セキュリティ	2016	12	1						1	世界各国の警察機関の連携によりAvalanche botnetが解体	大徳						
セキュリティ	2016	12	22						1	資産管理ソフトウェアの脆弱性を悪用した攻撃が観測	大徳						
セキュリティ	2016								0	glibc	高橋						
政府機関	2019	2							0	IoT機器侵入調査NOTICE開始	水口		https://www.jnsa.org/active/news10/2019.html				
セキュリティ	2016								1	CS-Goldmark　（27017とどちらを残すか、合体するか）	高橋						
セキュリティ	2016	6	14						1	JTBが標的型攻撃により793万人分個人情報漏洩	冨田	JTBが標的型攻撃により793万人分個人情報漏洩					
セキュリティ	2017	5	14						1	IPAがランサムウェア「WannaCry」に関する注意喚起を発表	唐沢						
セキュリティ	2017	10	31						1	セキュリティ会社員がウイルス保管容疑で逮捕	唐沢						
セキュリティ	2017	12	10						1	日本航空がビジネスメール詐欺（BEC）の被害を発表	大徳						
セキュリティ	2017	12	18						1	米政府がランサムウェア「WannaCry」は北朝鮮関与と断定	大徳						
セキュリティ	2017								0	MIRAI	高橋						
セキュリティ	2017								0	OpeｎSSL	高橋						
セキュリティ	2017								0	Struts2	高橋						
世の中	2018	2							1	平昌オリンピック開催	水口		https://www.jpcert.or.jp/magazine/chronology/			1	
セキュリティ	2017	3							1	GMOペイメント不正アクセス被害	冨田						
世の中	2019	5							1	年号「令和」	水口		https://www.jpcert.or.jp/magazine/chronology/			1	
IT	2019	8							1	AWS障害	水口		https://www.jpcert.or.jp/magazine/chronology/				
セキュリティ	2017	12							0	JALでビジネスメール詐欺（BEC）被害発生	冨田						
セキュリティ	2018	6	14						1	Coinhive等のマイニングツール設置で16人が逮捕・書類送検	唐沢						
セキュリティ	2018								0	WannaCry	高橋						
IT	2019	8							0	AI顔認証	水口		https://www.jnsa.org/active/news10/2019.html				
セキュリティ	2018								1	GDPR	高橋	EU域内の個人データ保護を規定する法「GDPR」施行開始					
世の中	2019	8							1	リクナビ内定辞退率販売	水口		https://www.jnsa.org/active/news10/2019.html			1	
セキュリティ	2018	3							1	パスワード更新ルール	水口	総務省がパスワード定期的変更の指針を方向転換？	https://www.jnsa.org/active/news10/2018.html				
セキュリティ	2018	1							1	コインチェック580億流出	水口	コインチェックがハッキングにより580億の仮想通貨を流出（コインチェック事件）	https://www.jpcert.or.jp/magazine/chronology/				
セキュリティ	2018	6							0	マイニングツール逮捕者	水口		https://www.jnsa.org/active/news10/2018.html				
世の中	2019	10							1	米海軍TikTok利用禁止	水口		https://japan.cnet.com/article/35147233/			1	
政府機関	2019	11							0	ICT-ISAC	水口		https://scan.netsecurity.ne.jp/article/2019/11/12/43218.html				
IT	2019	7							1	日本IT団体連盟、情報銀行 P認定開始	水口		https://www.dir.co.jp/report/research/capital-mkt/it/20190725_020925.pdf				
世の中	2019	7							0	京都アニメーション放火	水口		https://www.yomiuri.co.jp/feature/top10news/20191220-OYT8T50125/			0	
セキュリティ	2018	7							0	日本語BEC着弾	水口		https://www.jnsa.org/active/news10/2018.html				
政府機関	2020	6	12						1	ISMAP運用開始	唐沢						
セキュリティ	2018	12							1	仮想通貨脅迫メール	水口	JPCERT/CCが仮想通貨脅迫メールに関する注意喚起	https://www.jpcert.or.jp/newsflash/2018080201.html				
セキュリティ	2018	5							１	VPNFilter	水口	JPCERT/CCがマルウェア「VPNFilter」に関する注意喚起	https://www.jpcert.or.jp/newsflash/2018052401.html				
セキュリティ	2018	4							0	パスワードスプレー攻撃	水口		https://www.jpcert.or.jp/magazine/chronology/				
IT	2019	8							1	デジタルプラットフォーマー規制が議論されはじめる	水口		https://toyokeizai.net/articles/-/271016				
IT	2020	10	1						0	東証システム障害で終日売買停止	唐沢						
セキュリティ	2018	12							1	APT10に関する外務省談話	水口	「APT10」によるサイバー攻撃に関する外務省談話	https://www.mofa.go.jp/mofaj/press/danwa/page4_004594.html				
世の中	2019	10							0	天皇陛下即位	水口		https://www.jijiphoto.jp/ext/news/year/2019/			0	
世の中	2020	4	7						1	新型コロナウイルス感染症　七都府県に緊急事態宣言	唐沢					1	
セキュリティ	2018	4							1	Facebook個人情報流出	水口	米Facebookは8700万人の個人情報流出を発表	https://www.jnsa.org/active/news10/2018.html				
セキュリティ	2018	10							1	海賊版サイト（漫画村）ブロッキング	水口	政府が海賊版サイト「漫画村」をブロッキング	https://www.jnsa.org/active/news10/2019.html				
世の中	2020	3							0	Zoom荒らし	水口		https://www.jpcert.or.jp/magazine/chronology/index.html			0	
政府機関	2018	5							1	IoTセキュリティ懸念	水口		https://www.jnsa.org/active/news10/2018.html				
世の中	2020	9							0	菅内閣発足	水口		https://www.jpcert.or.jp/magazine/chronology/index.html			0	
世の中	2020	4							0	コロナウィルス緊急事態宣言	水口		https://www.jpcert.or.jp/magazine/chronology/index.html			0	
セキュリティ	2018	10							0	JAL BEC被害	水口		https://scan.netsecurity.ne.jp/article/2018/12/12/41722.html				
IT	2020	8							0	NZ証券システム障害	水口		https://www.jpcert.or.jp/magazine/chronology/index.html				
セキュリティ	2018	5							1	世界最大DDoS請負サイト閉鎖	水口		https://scan.netsecurity.ne.jp/article/2018/05/09/40900.html				
セキュリティ	2018	2							1	ATMハッキングジャックポッティング	水口	ATMから現金を奪う「ジャックポッティング」攻撃、米国に拡大	https://scan.netsecurity.ne.jp/article/2018/02/16/40607.html				
政府機関	2020	9							0	デジタル庁	水口		https://www.jnsa.org/active/news10/2021.html				
IT	2020	10							0	東証障害再発	水口		https://www.jnsa.org/active/news10/2022.html				
セキュリティ	2018	7							0	佐川急便フィッシング	水口		https://www.jpcert.or.jp/magazine/chronology/				
政府機関	2020	6							0	ISMAP運用開始	水口		https://www.jnsa.org/active/news10/2020.html				
セキュリティ	2018	12							1	性的脅迫（セクストーション）詐欺メール被害	水口	詐欺が初めて起きたのがこの年なのか、多発したのか？	https://scan.netsecurity.ne.jp/article/2018/12/03/41684.html				
政府機関	2020	11							0	経産省IoT-SSF策定	水口		https://www.jnsa.org/active/news10/2020.html				
IT	2020	10							1	Windows7,Office2010 サポート終了	水口		https://www.ipa.go.jp/security/announce/win7_eos.html				
セキュリティ	2018	6							0	「アラート：あなたのアカウントは閉鎖されます」フィッシングメール	水口		https://scan.netsecurity.ne.jp/article/2018/12/12/41722.html				
セキュリティ	2018	2							1	EternalBlue,Doublepulsar	水口	攻撃ツール『Eternalblue』を悪用した攻撃と考えられるアクセスの観測を警察庁が発表	https://scan.netsecurity.ne.jp/article/2017/05/17/39750.html				
セキュリティ	2019	7	29						1	米銀Capital OneでCloudから大量個人情報漏洩	唐沢						
セキュリティ	2019	8	1						1	7Pay、不正アクセス被害を受け一ヶ月でサービス廃止を発表	唐沢						
世の中	2020	3							0	高輪ゲートウェイ開業	水口		https://www.yomiuri.co.jp/feature/top10news/20201127-OYT8T50157/			0	
世の中	2020	11							0	米大統領バイデン確定	水口		https://www.jijiphoto.jp/ext/news/year/2020/			0	
IT	2020								1	スマホ５Gサービススタート	水口		https://www.yomiuri.co.jp/feature/top10news/20201127-OYT8T50157/			1	
世の中	2020	4							0	あべのマスク	水口		https://www.yomiuri.co.jp/feature/top10news/20201127-OYT8T50157/			0	
政府機関	2020	11							0	サイバー・フィジカル・セキュリティ対策フレームワーク	水口		https://scan.netsecurity.ne.jp/article/2020/11/09/44793.html				
セキュリティ	2019	11							1	Emotet急増	水口	マルウェア「Emotet」被害急増	https://www.jpcert.or.jp/magazine/chronology/				
世の中	2021	1							0	バイデン大統領就任	唐沢					0	
世の中	2021								1	東京オリンピック・パラリンピック	唐沢					1	
世の中	2021	8							1	米、アフガン戦争終結	唐沢					1	
世の中	2021	10							0	岸田内閣発足	唐沢					0	
政府機関	2021	9							1	デジタル庁発足	唐沢						
セキュリティ	2019	10							1	不正送金被害急増	水口		https://www.jpcert.or.jp/magazine/chronology/				
セキュリティ	2019	9							1	SSL VPN脆弱性	水口	JPCERT/CCが複数の SSL VPN 製品の脆弱性に関する注意喚起	https://www.jpcert.or.jp/magazine/chronology/				
セキュリティ	2019	8							0	7Pay不正アクセス	水口		https://www.jnsa.org/active/news10/2019.html				
セキュリティ	2019	4							1	サイバーセキュリティ協議会	水口	NISC「サイバーセキュリティ協議会」発足	https://www.jpcert.or.jp/magazine/chronology/				
セキュリティ	2019	3							0	「宅ファイル便」不正アクセス	水口		https://www.jnsa.org/active/news10/2019.html				
セキュリティ	2019	11							0	フィッシングサイト最多	水口		https://www.jnsa.org/active/news10/2019.html				
セキュリティ	2019	4							1	スマートフォンSMSスミッシング	水口	スマホが標的のフィッシング詐欺「スミッシング」増加	https://scan.netsecurity.ne.jp/article/2015/03/10/35942.html				
IT	2012	9	30						1	IMAGENET- Deep Learning(AI)	高橋		https://en.wikipedia.org/wiki/ImageNet				
IT	2016	3	25						0	Microsoft Tay(AI)	高橋		https://ja.wikipedia.org/wiki/Tay_(%E4%BA%BA%E5%B7%A5%E7%9F%A5%E8%83%BD)				
IT	2015	6							0	Google ゴリラ問題	高橋		https://globe.asahi.com/article/12287524				
IT	2021	4							1	欧州AI規制	高橋		https://eumag.jp/issues/c0821/				
セキュリティ	2019	3							0	じゅうたん爆撃DDoS攻撃	水口		https://www.security-next.com/103370				
IT	2010	10							0	第1回将棋電王戦	高橋		https://ja.wikipedia.org/wiki/%E5%B0%86%E6%A3%8B%E9%9B%BB%E7%8E%8B%E6%88%A6				
IT	2015	10							1	AlphaGo　プロ棋士（碁）を破る	高橋		https://ja.wikipedia.org/wiki/AlphaGo				
IT	1997								0	Deep Blue - チェス世界チャンピオンを破る	高橋						
IT	2017								1	Deep Fake	高橋		https://ja.wikipedia.org/wiki/%E3%83%87%E3%82%A3%E3%83%BC%E3%83%97%E3%83%95%E3%82%A7%E3%82%A4%E3%82%AF				
	2018	5								スマートスピーカー　夫婦の会話をチャットに送る	高橋		https://www.itmedia.co.jp/pcuser/articles/1805/27/news010.html				
	2018									Uber 自動運転による人身事故	高橋		https://wired.jp/2019/11/07/ubers-self-driving-car-didnt-know-pedestrians-could-jaywalk/				
	2020	11								AIインシデントデータベース	高橋		https://incidentdatabase.ai/	https://wired.jp/2021/08/18/artificial-intelligence-hall-shame/			
	2021	9								ロボット兵器によるイラン科学者暗殺	高橋		https://news.yahoo.co.jp/articles/2e978d11133ed729aa2845783c5cdc2e22b72a18				
	2017	1								ドールハウスとクッキー	高橋		https://iphone-mania.jp/news-151413/				
	2019									米国の犯罪予知システムの利用を取りやめる	高橋		https://it.srad.jp/story/19/07/12/229204/				
IT	2012	3	16						0	Apple が新iPadを発売	河本		https://www.apple.com/jp/newsroom/2012/03/19New-iPad-Tops-Three-Million/				
IT	2012	7	14						0	ソフトバンク、放射線測定できるスマホを発売	河本		https://www.softbank.jp/corp/group/sbm/news/press/2012/20120712_02/				
IT	2012	8	2						0	docomo通信障害再発	河本		https://www.nttdocomo.co.jp/info/news_release/2012/08/07_00.html				
IT	2012	8	31						0	米アップルのｉＰｈｏｎｅと韓国サムスン電子のＧＡＬＡＸＹ Ｓ、特許侵害訴訟アップルの請求棄却	河本		https://www.nikkei.com/article/DGXNASDG30058_R30C12A8MM0000/				
世の中	2012	9	19						0	日本航空（JAL）再上場	河本		https://www.nikkei.com/article/DGXNASGD1902G_Z10C12A9MM0000/				
IT	2012	9	19						0	データ通信会社「楽天イー・モバイル」設立	河本		https://corp.rakuten.co.jp/news/press/2012/0919_02.html				
IT	2012	9	21						0	iPhone 5 発売	河本						
世の中	2012	9	21						1	MERSコロナウイルス 発見	河本		https://www.forth.go.jp/moreinfo/topics/2012/09241149.html	https://www.niid.go.jp/niid/ja/diseases/alphabet/mers/2186-idsc/2686-mers.html			
世の中	2012	10	8						0	山中伸弥教授 iPS細胞で ノーベル生理学・医学賞を受賞	河本						
世の中	2012	12	2						0	笹子トンネル崩落事故	河本		https://www.c-nexco.co.jp/corporate/safety/sasago/summary/				
世の中	2013	3							0	黒田東彦日銀総裁 就任	河本		https://www.jiji.com/jc/article?k=2021092801000&g=eco				
世の中	2013	6	22						0	富士山 世界文化遺産登録が決定	河本		https://www.fujisan-whc.jp/about/history.html				
世の中	2013	9	14						0	国産の新型固体燃料ロケット「イプシロン」１号機 打ち上げ成功	河本		https://xtech.nikkei.com/dm/article/FEATURE/20131001/306549/				
IT	2013	10	18						0	Windwos8.1 発売	河本						
政府機関	2013	12	13						1	特定秘密保護法 公布（2014/12/10施行）	河本		https://www.nichibenren.or.jp/activity/human/complicity_secret/secret/about.html				
世の中	2013								1	食材虚偽表示問題	河本		https://www.corporate-legal.jp/news/1618				
世の中	2013	11	13						1	冷凍食品の農薬混入事件	河本		http://www.mac.or.jp/mail/150301/01.shtml				
世の中	2013	12	19						0	猪瀬直樹東京都知事 辞職	河本						
世の中	2014	1	28						0	ＳＴＡＰ細胞 論文が2014年１月《ネイチャー》誌に掲載	河本						
世の中	2014	2	6						0	「耳が聞こえない作曲家」佐村河内守氏のゴーストライターを１８年間務めた新垣さん	河本		https://www.jiji.com/jc/v4?id=201412niigaki_int0001				
IT	2014	4	12						0	プロ棋士と対戦するロボット 将棋電王戦完敗	河本		https://www.nikkei.com/article/DGXNZO69809080S4A410C1000000/				
世の中	2014	2							0	西アフリカエボラ出血熱流行	河本		https://www.msf.or.jp/news/ebola.html				
セキュリティ	2019	3							0	ばらまき型標的型攻撃	水口		https://scan.netsecurity.ne.jp/article/2019/05/30/42392.html				
世の中	2014	9	4						0	デング熱／代々木公園を閉鎖	河本						
世の中	2014	9	27						0	御嶽山 噴火	河本						
世の中	2014	10	29						0	「子供の権利のための世界子供賞」授賞 教育活動家マララ・ユスフザイさん	河本						
世の中	2014	10	7						0	2014年度ノーベル物理学賞—青色LEDの開発で	河本		https://www.nippon.com/ja/features/h00080/				
世の中	2014	10	17						0	リニア／リニア中央新幹線の工事認可書を交付	河本						
セキュリティ	2019	3							1	APT40	水口	中国政府が支援するスパイグループ「APT40「の調査をFIREEYEが公開	https://www.fireeye.com/blog/jp-threat-research/2019/03/apt40-examining-a-china-nexus-espionage-actor.html				
セキュリティ	2019	11							1	日本IT団体連盟 サイバーセキュリティ委員会	水口	日本IT団体連盟にサイバーセキュリティ委員会が発足	https://internet.watch.impress.co.jp/docs/news/1221210.html				
セキュリティ	2020	9	8						1	ドコモ口座サービスで不正利用発覚	唐沢						
セキュリティ	2020	11	16						1	カプコンにおいて標的型ランサムウェアで最大35万人の個人情報流出	唐沢	「か」いるか？　→修正					
セキュリティ	2020	9							1	Netlogon	水口	JPCERT/CCがNetlogon の特権の昇格の脆弱性に関する注意喚起	https://www.jpcert.or.jp/magazine/chronology/index.html				
セキュリティ	2020	6							1	ホンダサイバー攻撃	水口	ホンダがサイバー攻撃を受けシステム障害が発生	https://www.jpcert.or.jp/magazine/chronology/index.html				
セキュリティ	2020	7							0	BigIP脆弱性	水口		https://www.jpcert.or.jp/magazine/chronology/index.html				
セキュリティ	2020	4							1	日本コンピュータセキュリティインシデント対応チーム協議会発足	水口	「日本シーサート協議会」の方がわかりやすいか？	https://www.jpcert.or.jp/magazine/chronology/index.html				
セキュリティ	2020	4							1	電子カルテSNS流出	水口	新型コロナウイルス感染者の電子カルテがSNSに流出	https://www.jpcert.or.jp/magazine/chronology/				
セキュリティ	2020	9							0	ドコモ口座不正利用	水口		https://www.jnsa.org/active/news10/2020.html				
セキュリティ	2020	10							1	GoTo不正	水口	GOTOトラベルを利用した不正受給が発生	https://www.jnsa.org/active/news10/2020.html				
セキュリティ	2020	11							0	カプコンラムサム被害	水口		https://www.jnsa.org/active/news10/2020.html				
セキュリティ	2020	11							0	JASAサイバーセキュリティ対策マネジメントガイドライン公開	水口		https://www.jpcert.or.jp/tips/2020/wr204601.html				
セキュリティ	2020	7							1	Emotet再開	水口	マルウェア「Emotet」の感染再急増、手口が巧妙化 	https://www.jnsa.org/active/news10/2020.html				
セキュリティ	2020	7							1	puls Connect Secureの脆弱性　→VPN脆弱性が狙われた話として	水口	Pulse Connect Secureの脆弱性を悪用した攻撃の被害報告多数	https://www.jpcert.or.jp/magazine/chronology/				
セキュリティ	2020	2							0	国家支援サイバー攻撃	水口		https://www.jnsa.org/active/news10/2020.html				
セキュリティ	2020	5							１	三菱電機防衛情報漏洩	水口	三菱電機が不正アクセスにより防衛情報と個人情報漏えい	https://www.mitsubishielectric.co.jp/news/2020/0212-b.pdf				
セキュリティ	2021	1	27						1	EMOTETテイクダウン	唐沢	2020年7月にも					
セキュリティ	2021	3	17						1	LINEデータ管理の不備	唐沢	LINEデータ管理不備問題発生					
セキュリティ	2021	11							1	EMOTET復活	唐沢	2020年7月にも					
セキュリティ	2021	5	26						1	ProjectWEBへの不正アクセス	唐沢	富士通情報共有ツール「ProjectWEB」への不正アクセス発生					
セキュリティ	2021								1	みずほ銀行システム障害（8回）	唐沢	みずほ銀行のけるシステム障害が8回発生					
セキュリティ	2021	1	29						1	Salesforce設定ミスによる情報流出	唐沢						
セキュリティ	2021	12	10						1	Log4Shell	唐沢	「Log4Shell」の脆弱性を狙った攻撃試行を検出					
	2011	6								Stunxnetがイランの延伸部倫理気を破壊			https://ja.wikipedia.org/wiki/%E3%82%B9%E3%82%BF%E3%83%83%E3%82%AF%E3%82%B9%E3%83%8D%E3%83%83%E3%83%88				
	2009									DevOpsが初めて提唱される			DevOps - Wikipedia				
セキュリティ	2013	2							1	APT1 Mandiat Report	高橋	Mandiantが APT1の活動についてのレポートを公開	https://negi.hatenablog.com/entry/2013/02/27/161122				
セキュリティ	2011	8							1	Diginotar 不正証明種問題	高橋	オランダの認証局「Diginotar 」不正アクセスを受け偽のSSL証明書発行	https://atmarkit.itmedia.co.jp/news/201109/08/diginotar.html				
IT	2008	7							1	Chrome 発表	高橋						
IT	2008	8							1	Android 初版	高橋						
セキュリティ	2008	11							1	Conficker ワーム	高橋	？？	Conficker - Wikipedia				
セキュリティ	2009								1	Zeus malware	高橋	？？	https://en.wikipedia.org/wiki/Zeus_(malware)				
セキュリティ	2009								1	Gumblar	高橋	？？	Gumblar - Wikipedia				
セキュリティ	2011								1	RSA セキュリティ侵害	高橋	RSA社サイバー攻撃により「RSA SecurID」情報盗まれる	https://japan.cnet.com/article/35000659/				
セキュリティ	2010								1	Anonymousによる広範囲な活動  HBGary, etc	高橋	？？	https://ja.wikipedia.org/wiki/%E3%82%A2%E3%83%8E%E3%83%8B%E3%83%9E%E3%82%B9_(%E9%9B%86%E5%9B%A3)				
セキュリティ	2010	1							1	Operation Aurora	高橋	？？	https://ja.wikipedia.org/wiki/%E3%82%AA%E3%83%BC%E3%83%AD%E3%83%A9%E4%BD%9C%E6%88%A6				
																	
																	
																	
																	
										修正を確認済み							
										修正案を記載、確認待ち							
										修正が必要なところ							